corpus,file,sha256,normalized_sha256,core_sha256,bytes,last_commit,mtime,hardlink_count,file_id
H,advise/SKILL.md,185de049a7267c84699a45e3720a40a78aaee4c5e046b71b929c8aed3c58c979,af6b2a790fe93afad2c596088e7b65df8eb259fecfb2fe45d60d30bde8495cb5,8b5fe41d089ba348e457171380740aa4060ec7c784de85bda1c41ff54fd9ff26,366,,2026-07-14T21:55:58.215299+00:00,1,10133099162021033
H,align/ADR-FORMAT.md,6a7d7d0b961cf19a40d24005efc9a083a4efc3c2523fab7b09b6b38a5b0a9a3c,6a7d7d0b961cf19a40d24005efc9a083a4efc3c2523fab7b09b6b38a5b0a9a3c,6a7d7d0b961cf19a40d24005efc9a083a4efc3c2523fab7b09b6b38a5b0a9a3c,3147,,2026-06-20T00:22:03.233016+00:00,1,9851624185310405
H,align/ARCH-FORMAT.md,954887aa4bc281df782fb9a6ad3f8766a8a0be2f950a32c089f11305b21a960e,912ca5ba873f1b6d6883897a9d43b19271673699ff0b8395b6176d64916f7840,88972387b38c819ac3e98a3aed0f1dec69efc05ef0d5d77c688b7b0a84669e75,2566,,2026-06-20T11:26:41.859750+00:00,1,9851624185310410
H,align/GLOSSARY-FORMAT.md,edee2de3a5c64e7767580fb91b9a96dfd6d4f037ba1fd324853d44d0a7cd5c2e,edee2de3a5c64e7767580fb91b9a96dfd6d4f037ba1fd324853d44d0a7cd5c2e,edee2de3a5c64e7767580fb91b9a96dfd6d4f037ba1fd324853d44d0a7cd5c2e,2306,,2026-06-16T20:55:15.570418+00:00,1,9851624185310428
H,align/SKILL.md,50e4f3883153de22fcf7cdc570039e4f2caacb87fcdf61fc6684f98028659670,9dba27588b64d638fcec9bdc1b98096324fab9ee507ed0a6a4cc70b76e22c7ec,9dba27588b64d638fcec9bdc1b98096324fab9ee507ed0a6a4cc70b76e22c7ec,4945,,2026-07-17T11:48:47.888760+00:00,1,9851624185310429
H,conclude/SKILL.md,4cfedf9b423d6e8f4c6704ac1ebe1f8592bb07e5c4aa9889748e85418d43d66c,b328a3690da2c78ee17c74e1eef81f8bbb7d25ea6d4071c394846905f896acf1,a77682d35fd087cfba63e75569283e07f8c24645c1480a06ac5693bcec1bba1f,676,,2026-07-08T13:17:37.060354+00:00,1,9851624185310431
H,denoise/SKILL.md,e57aaab0fdf5886fdb43fa2e4d8a6eb9fdc099710fcb2bc72dcf28a853866c7a,39284b1062f904c3d8b4784173cc0f6efde014af94ed0577252bed72317a858f,178a461911dde7add63746601b745ff31d131b827d3e520d325a1ff7012a076e,2761,,2026-07-20T21:30:16.266183+00:00,1,9851624185310433
H,implement/SKILL.md,3e07a590c33242ecc494097b08caf110cd4ff0493d666f541f665eb77bb8307c,385cb933b31d4e1a8b79fcc057c87057620efd2353a1f905df7b95ec10af1bd9,3f312170e3191f787934f9f3f644ae10cbadb050e7e317925415040af0697394,1095,,2026-07-17T12:49:12.489360+00:00,1,9007199255178467
H,improve-comments/SKILL.md,e72576b8e33873812fcc300c961e6b16f5346afbe718eb173742c04937c82240,dd77d84402293ddff6ac9ee0c8bf5aef2b547e2d21973c6aeb96641934c1fecd,6dcc348df35fefb6fc12c655d47976f7f67e405260f8c47b7a9dd1bf233056a2,4732,,2026-06-25T05:59:49.298773+00:00,1,6755399441493221
H,plan-impl/SKILL.md,8e140173ed41e6e046994b213b9dfcef571b50f0d986a7f1244f00d868d6fdd5,66ca95a1cacc7e4c13dcab83489c7523357211adf4f857d8152797f2c8057f0b,a64720514de8ba8d8ab487d5ef741a4dddd5ae875290451cf52e19b11c911e8b,1331,,2026-07-16T08:12:55.306950+00:00,1,3659174697676007
H,review-architecture/REFERENCE.md,3bcc950ca2bb79d40f339c11e1175de89812de5a214481dc2844329fa7ce97b5,dd47bb0359f8e09db95d393c6b9f8c77430af37826d939557edc2abef59cddbb,dd47bb0359f8e09db95d393c6b9f8c77430af37826d939557edc2abef59cddbb,3047,,2026-06-06T09:00:07.258808+00:00,1,3659174697676009
H,review-architecture/SKILL.md,f53a07a4f38f8b41b8160fd256bccee7b88e7d5545f1d6df5ea9bd4dbcf6b1d6,ce1b3b96ea3ffa2d77e50754e4dfe1301df8f6d07d32913273410d6b0337a716,ce1b3b96ea3ffa2d77e50754e4dfe1301df8f6d07d32913273410d6b0337a716,4173,,2026-06-20T11:40:23.519932+00:00,1,3659174697676010
H,setup-devops/SKILL.md,6d6f7a7f07979a131fb78a792f98cd46b2392772d425774fbc1290374000a748,2b2acec00d8e075fcf7edecd5ce32bd85ee1b05d722fd90294b876c9b76e1515,3dee5d4e07b30b49ea31c9e017d82d298cc16492cc9988dbec5002e392eb7a99,1209,,2026-06-23T21:10:42.895969+00:00,1,3377699720965356
H,sync-arch/SKILL.md,93317179e7cbdeef67f08a294fd4c1b6080b73b3a3419d64c24bfaeaf5c2eb9b,4d7e0f3e46589faa6bd30b16f37a19ad0e4167f3c09d3c1b54969d3539dff51f,28e807dd14255ccc6372352e30834311aea4cd94da28ba880d46e7724115f858,1329,,2026-07-08T10:53:22.285402+00:00,1,3377699720965358
H,tdd/deep-modules.md,f2123700bf953db1740625686c75bdd145efd486357c47c6818c869fee657a32,f2123700bf953db1740625686c75bdd145efd486357c47c6818c869fee657a32,f2123700bf953db1740625686c75bdd145efd486357c47c6818c869fee657a32,1239,,2026-06-12T08:00:54.312237+00:00,1,3377699720965360
H,tdd/interface-design.md,764c5ff0e3fa6b4ab7095eb65ccc7201e090baf19fa16051dfdb72c06d27417d,764c5ff0e3fa6b4ab7095eb65ccc7201e090baf19fa16051dfdb72c06d27417d,764c5ff0e3fa6b4ab7095eb65ccc7201e090baf19fa16051dfdb72c06d27417d,653,,2026-06-12T08:00:54.335926+00:00,1,3377699720965361
H,tdd/mocking.md,3ceb807fdf4a47d6a93d4d9a891e5ba6d362a6247bd08adc451feebfc17361ef,3ceb807fdf4a47d6a93d4d9a891e5ba6d362a6247bd08adc451feebfc17361ef,3ceb807fdf4a47d6a93d4d9a891e5ba6d362a6247bd08adc451feebfc17361ef,1481,,2026-06-12T08:00:54.358583+00:00,1,3377699720965362
H,tdd/refactoring.md,54fced22dd1911b7094c3fe7979b7c1a40d40be307482c4adf7dc0588f27d6cc,54fced22dd1911b7094c3fe7979b7c1a40d40be307482c4adf7dc0588f27d6cc,54fced22dd1911b7094c3fe7979b7c1a40d40be307482c4adf7dc0588f27d6cc,387,,2026-06-12T08:00:54.381294+00:00,1,3377699720965363
H,tdd/SKILL.md,af059705061156fd4845ddbb736fe92b564118ac5f03551e09ef9e8f6d970638,af059705061156fd4845ddbb736fe92b564118ac5f03551e09ef9e8f6d970638,af059705061156fd4845ddbb736fe92b564118ac5f03551e09ef9e8f6d970638,4395,,2026-06-12T08:00:54.290843+00:00,1,3377699720965364
H,tdd/tests.md,e12182f5c4c6a844b7c6ab4b8d2623b642aaaae5460fe58ed087efd4f3d5fb8a,e12182f5c4c6a844b7c6ab4b8d2623b642aaaae5460fe58ed087efd4f3d5fb8a,e12182f5c4c6a844b7c6ab4b8d2623b642aaaae5460fe58ed087efd4f3d5fb8a,1640,,2026-06-12T08:00:54.399859+00:00,1,3377699720965365
H,to-spec/SKILL.md,b695d7b7e88bbeca45a3261b4f0d9622a71ae4eaeac8db2491dca3d627a11958,0b553d7010770f9fa2dbb385a1f0c75b2a91d8e38c9fe2704b3d17345d63cd00,72326666000b80feadf9646da72d101b55d3599bcf0d63baf719ac41587d16e4,3115,,2026-07-14T21:55:58.229664+00:00,1,3377699720965367
H,to-tickets/SKILL.md,bad1096919a80fcec51a7bbf8841ea51d50b8ec3709cde1b5a98764bfea1c479,ba86469b53ec97cbd403131e3ff79aa10b083352bf8e5771dc0aabf3924b55b9,ba86469b53ec97cbd403131e3ff79aa10b083352bf8e5771dc0aabf3924b55b9,4137,,2026-07-17T12:33:19.989096+00:00,1,3377699720965369
M,advise/SKILL.md,f30c75d849503080714de10945ff50f241f69e527b372a4b627c622d565b0d0b,9d178d73f1398e943f1d00fb925ca57b011221c16901f0af56231eab50aa91b9,786fb8bafe24eaa84b035c72ed0251e4f4382d29b0763b33d3ec5fb0fe004cb4,427,"b52db1a 2026-08-07T03:31:31+03:00 DOCS: skills corpus skill-up pass — review-impl minted, review-architecture retired, descriptions calibrated",2026-08-07T00:24:31.756756+00:00,1,4785074605770900
M,align/ADR-FORMAT.md,1e1fbcc4cc4ec24db73738b31cbba046d37506178bfe6196caa7631c309dd432,1e1fbcc4cc4ec24db73738b31cbba046d37506178bfe6196caa7631c309dd432,1e1fbcc4cc4ec24db73738b31cbba046d37506178bfe6196caa7631c309dd432,3148,"b52db1a 2026-08-07T03:31:31+03:00 DOCS: skills corpus skill-up pass — review-impl minted, review-architecture retired, descriptions calibrated",2026-08-07T00:07:18.406560+00:00,1,118219490218477255
M,align/ARCH-FORMAT.md,35b23a8a9f2f839420d9ec2d421faa3b5ab20bfd21c5ec5902d496a63149ae1d,b6a4f710832fd8aeb62345bf9e772c693c1d73235b0b01afec65dac9f94d10ee,802530ba40d3c2f5b22a73b81bafdec77019ef0fb31fd6891dd5f59e29ea51bb,2645,"05c6961 2026-08-21T10:09:24+03:00 SKILL: architecture is judged by the work it saves, and impl vocabulary is not invented",2026-08-20T22:48:27.837171+00:00,1,11258999068862244
M,align/EDGE-FORMAT.md,77211d32161a9444a4d1781f0da64b460a382e2ae6d2e9ee27fc0719756deb44,77211d32161a9444a4d1781f0da64b460a382e2ae6d2e9ee27fc0719756deb44,77211d32161a9444a4d1781f0da64b460a382e2ae6d2e9ee27fc0719756deb44,3606,"57c972e 2026-08-24T00:32:45+03:00 SKILL: the corpus learns to merge, and project facts leave the bodies",2026-08-23T21:25:03.806563+00:00,1,14355223812679550
M,align/GLOSSARY-FORMAT.md,edee2de3a5c64e7767580fb91b9a96dfd6d4f037ba1fd324853d44d0a7cd5c2e,edee2de3a5c64e7767580fb91b9a96dfd6d4f037ba1fd324853d44d0a7cd5c2e,edee2de3a5c64e7767580fb91b9a96dfd6d4f037ba1fd324853d44d0a7cd5c2e,2306,3334591 2026-07-16T12:04:42+03:00 more skills realignment,2026-08-02T04:55:55.919042+00:00,1,10414574138730278
M,align/SKILL.md,c8e09c5b2b773ab2693f82e77edf8e51cb73adc6f9c74113a15e84ab6c4c0d71,fe7465b9c02b5a57cb11929ec9c4f84c37e025f269fe33deba585f2697e3dd1b,6ae0d82610a93beba86041b698c65926f5dd266757eda00d2ce7763adaba6f92,8495,777caa1 2026-08-24T00:32:32+03:00 SKILL: the cheapest falsifying example becomes a rule in align and plan-impl,2026-08-23T21:19:26.388652+00:00,1,10414574138730283
M,celebrate/SKILL.md,c85d5b0a07f8f485b488f59fd3ced2113c460735e54e61782dd99725711c4bb8,66a74a4668b1640227e9d1719cdbc55f8cff6fbdb382940efe159de63fa50639,66a74a4668b1640227e9d1719cdbc55f8cff6fbdb382940efe159de63fa50639,152,"2492747 2026-08-20T03:06:04+03:00 SKILL: /celebrate marks an achievement, a milestone, or the overall state",2026-08-19T23:51:58.013587+00:00,1,5348024557941878
M,commit/SKILL.md,2c5af6673a21a4f8d596758a569da5f646094697614c9c6603f91c53b56dc788,4255f90378501e8d641e49a5eb041d534c20368f1cfd3a870521b9988aa17258,01896dfada274411bee6a0fc6739a5284c44fc94ef1f7274d041b13ee53ab06d,1458,"57c972e 2026-08-24T00:32:45+03:00 SKILL: the corpus learns to merge, and project facts leave the bodies",2026-08-23T21:19:16.059503+00:00,1,4503599627806757
M,conclude/SKILL.md,26189c1b14814d93c4d6575b93846d03045bbed9c868074cc9cc08120cfd0417,26189c1b14814d93c4d6575b93846d03045bbed9c868074cc9cc08120cfd0417,3360d091c762920b4f7b73358c538515e1b83cf7fecf76ad262b2ef6d06e2e55,1655,0bac0c3 2026-08-16T13:01:23+03:00 SKILL: conventions get owners; TICKET-FORMAT.md minted,2026-08-12T12:27:25.071393+00:00,1,16607023626029274
M,denoise/SKILL.md,5a175034b60409d2281c56cd9a9e326ada35264356cc50e886593a35439c0789,9e988da7102d134528b919b8425e3e093ba5e6b56273f50dede8875479a27eed,ea56f9a57f4653ac6dd7c06f9b354ba8224de43d9766cfc6aa3c2a1d00328f64,3680,"6950320 2026-08-20T03:05:35+03:00 SKILL: the necessity gate fires late, and concern retirement gets its occasions",2026-08-19T23:25:48.272105+00:00,1,16888498602740699
M,dream/SKILL.md,37de45743d4453f71cf465852c072f5e01205ef01467de6f9f545a021d33e4e1,e123fa7f73fb7027586ec3897cef87ca2f36825ee6665569a4e196f3d823c549,c84190d21583c3ff8a6fbed10ec906f8723ee97eb63fbe0acca01aa0ecc3ff25,3078,884aecc 2026-08-19T01:17:47+03:00 SKILL: /impact traces a change's consequences before implementation; align and plan-impl consult it and state the one-shape rule,2026-08-18T17:46:33.741191+00:00,1,1407374885249277
M,edge/SKILL.md,aa9f930acd0f78e99963cdcfbaf96b91a7ce53b5f4038c889f7f651ea385e4b4,aa9f930acd0f78e99963cdcfbaf96b91a7ce53b5f4038c889f7f651ea385e4b4,aa9f930acd0f78e99963cdcfbaf96b91a7ce53b5f4038c889f7f651ea385e4b4,3331,"57c972e 2026-08-24T00:32:45+03:00 SKILL: the corpus learns to merge, and project facts leave the bodies",2026-08-23T21:19:23.568492+00:00,1,23362423067085073
M,impact/SKILL.md,82c1ca96c6478280c8c4bd91d1d79988c04b87dbbad3c578fe3b4de402e9c24b,dc75edf077323e2cfdfb9e3c8c5fb95cc292848e8295c680925bbeaea5b7f10c,464cdd455a23b32c5371be912a4306dd07a411b7d51377139b0d1c88fdf23843,1333,884aecc 2026-08-19T01:17:47+03:00 SKILL: /impact traces a change's consequences before implementation; align and plan-impl consult it and state the one-shape rule,2026-08-18T16:45:40.109404+00:00,1,36873221949122072
M,implement/SKILL.md,ecd1a250bc79257e9d0a8fccf1b13222def87ae3a32b3ca87f28afdbb8b3c611,ecd1a250bc79257e9d0a8fccf1b13222def87ae3a32b3ca87f28afdbb8b3c611,d2b777c64fbac6f3390c0e5214c0eceb57314e01ef491800bd8203590eeced9d,1707,c2c47dd 2026-08-20T01:22:40+03:00 SKILL: tighten implementation and recall guidance,2026-08-21T22:38:13.781995+00:00,1,10696049115108611
M,improve-comments/SKILL.md,f2923712aeedcea5e008eb5a7d8ac096041b8aa73200eae4d87ff44587c0cc70,1e9237cecbc3b97d0b41fa64f38cbebb1c359ba3ece8cf32ba3a97e9403bd1dd,1e9237cecbc3b97d0b41fa64f38cbebb1c359ba3ece8cf32ba3a97e9403bd1dd,5523,63860af 2026-08-19T15:15:41+03:00 SKILL: improve-comments example loses identifying vocabulary,2026-08-19T12:12:12.211475+00:00,1,29554872554700371
M,plan-impl/SKILL.md,d26406f1fcdafac81a6d8ed506edef2b8175835d7c6fe0198a4ffcb5e0150e99,3cba7cd8dab54a1b561063d6623886ad936e86ab8d1aa7226eba66e8f29dd36a,3cba7cd8dab54a1b561063d6623886ad936e86ab8d1aa7226eba66e8f29dd36a,6266,777caa1 2026-08-24T00:32:32+03:00 SKILL: the cheapest falsifying example becomes a rule in align and plan-impl,2026-08-21T23:56:48.422683+00:00,1,28710447624525789
M,recall/SKILL.md,0bacb2e195216dd3009eb73b50894fbb0d4b968d411206403a0647bd6d417e08,0bacb2e195216dd3009eb73b50894fbb0d4b968d411206403a0647bd6d417e08,94e4380b597832307567cdf9f6f6e027fa6a9ecd2cd578eb1c19e39ea65a3ac7,2308,"57c972e 2026-08-24T00:32:45+03:00 SKILL: the corpus learns to merge, and project facts leave the bodies",2026-08-23T21:19:22.152623+00:00,1,2533274792091149
M,review-architecture/REFERENCE.md,2dca8d8a5d300c09ba4bc7bacf3f79b75cf5742e87510428052e43e8775f71fb,46e84c4680e85fcf8f3cefbe81258df0a1028decb6928418ba06200409fb7752,46e84c4680e85fcf8f3cefbe81258df0a1028decb6928418ba06200409fb7752,1563,"cb2340a 2026-08-07T03:39:00+03:00 SKILL: review-architecture restored and naturalized — outcome routed to ticket+RFC, canonical homes linked",2026-08-07T00:34:37.376329+00:00,1,2251799815380494
M,review-architecture/SKILL.md,2046aa408317fe914364019673c6fc81e96ed9594d635ec81fcdf49a1eafafa6,cbe3969498b104f40af6ad7ed87fc3e790b3d402ad2138fdaec0d2ec6571afbb,cbe3969498b104f40af6ad7ed87fc3e790b3d402ad2138fdaec0d2ec6571afbb,4205,"cb2340a 2026-08-07T03:39:00+03:00 SKILL: review-architecture restored and naturalized — outcome routed to ticket+RFC, canonical homes linked",2026-08-07T00:34:27.596677+00:00,1,19140298416965470
M,review-impl/SKILL.md,98c206c81dc31797945bb16e01daee45a578240fc8cb97d079fd6bb943d86137,e76cb3301db1c87d2d60843cb9a44288033c2892744b12e65587403bd00b007d,91e7a1da2fc75b3fba84c803699a9aa59ba68cda59c4acc5cc8cf0a816445431,1046,"dd5665b 2026-08-10T02:54:20+03:00 SKILL: denoise, implement, improve-comments, review-impl refinements; workflow diagram",2026-08-18T15:05:40.246956+00:00,1,28428972648214677
M,setup-devops/SKILL.md,8dbbe764edcd5e541e1039e0ef8c032ab64ca424b1358e56cfaacc39b0fa665e,f5affa7744a53cc53049d3f304715a1e36c35fae8779350293d580c707cab729,f5affa7744a53cc53049d3f304715a1e36c35fae8779350293d580c707cab729,1179,"b52db1a 2026-08-07T03:31:31+03:00 DOCS: skills corpus skill-up pass — review-impl minted, review-architecture retired, descriptions calibrated",2026-08-07T00:24:39.957032+00:00,1,14073748835969043
M,skill-up/SKILL.md,b4775b457ed627b8baf6166af51005fe23454e4148c7ef098acb9a97217e90a6,b4775b457ed627b8baf6166af51005fe23454e4148c7ef098acb9a97217e90a6,b4775b457ed627b8baf6166af51005fe23454e4148c7ef098acb9a97217e90a6,2693,"57c972e 2026-08-24T00:32:45+03:00 SKILL: the corpus learns to merge, and project facts leave the bodies",2026-08-23T21:19:12.843290+00:00,1,9570149208190925
M,sync-arch/SKILL.md,f5d0b0d57b824b28515c2e1019ca147efee2171e878479b7d4eb5cd80f6d3c86,4b909415db2e2b017acb08d0b7d3325ef24c29d1d1c178666ef17202f547574b,81ac356d470dda6dd0c0bf58c3b4b15cb9670ceefc097ed071654c1fce109b80,2457,"57c972e 2026-08-24T00:32:45+03:00 SKILL: the corpus learns to merge, and project facts leave the bodies",2026-08-23T21:19:28.537084+00:00,1,5348024557941808
M,tdd/deep-modules.md,f2123700bf953db1740625686c75bdd145efd486357c47c6818c869fee657a32,f2123700bf953db1740625686c75bdd145efd486357c47c6818c869fee657a32,f2123700bf953db1740625686c75bdd145efd486357c47c6818c869fee657a32,1239,3334591 2026-07-16T12:04:42+03:00 more skills realignment,2026-08-02T04:55:56.494509+00:00,1,23643898044133821
M,tdd/interface-design.md,764c5ff0e3fa6b4ab7095eb65ccc7201e090baf19fa16051dfdb72c06d27417d,764c5ff0e3fa6b4ab7095eb65ccc7201e090baf19fa16051dfdb72c06d27417d,764c5ff0e3fa6b4ab7095eb65ccc7201e090baf19fa16051dfdb72c06d27417d,653,3334591 2026-07-16T12:04:42+03:00 more skills realignment,2026-08-02T04:55:56.516991+00:00,1,12384898975707790
M,tdd/mocking.md,3ceb807fdf4a47d6a93d4d9a891e5ba6d362a6247bd08adc451feebfc17361ef,3ceb807fdf4a47d6a93d4d9a891e5ba6d362a6247bd08adc451feebfc17361ef,3ceb807fdf4a47d6a93d4d9a891e5ba6d362a6247bd08adc451feebfc17361ef,1481,3334591 2026-07-16T12:04:42+03:00 more skills realignment,2026-08-02T04:55:56.527053+00:00,1,55450570412437845
M,tdd/refactoring.md,54fced22dd1911b7094c3fe7979b7c1a40d40be307482c4adf7dc0588f27d6cc,54fced22dd1911b7094c3fe7979b7c1a40d40be307482c4adf7dc0588f27d6cc,54fced22dd1911b7094c3fe7979b7c1a40d40be307482c4adf7dc0588f27d6cc,387,3334591 2026-07-16T12:04:42+03:00 more skills realignment,2026-08-02T04:55:56.535624+00:00,1,1234549247852937959
M,tdd/SKILL.md,94eb30d4aca02db9b3fba5ecf2b7c2b2f7ea9f093a51724d02b87e0c0e582182,94eb30d4aca02db9b3fba5ecf2b7c2b2f7ea9f093a51724d02b87e0c0e582182,94eb30d4aca02db9b3fba5ecf2b7c2b2f7ea9f093a51724d02b87e0c0e582182,4579,"b52db1a 2026-08-07T03:31:31+03:00 DOCS: skills corpus skill-up pass — review-impl minted, review-architecture retired, descriptions calibrated",2026-08-07T00:08:28.397905+00:00,1,18577348463341981
M,tdd/tests.md,e12182f5c4c6a844b7c6ab4b8d2623b642aaaae5460fe58ed087efd4f3d5fb8a,e12182f5c4c6a844b7c6ab4b8d2623b642aaaae5460fe58ed087efd4f3d5fb8a,e12182f5c4c6a844b7c6ab4b8d2623b642aaaae5460fe58ed087efd4f3d5fb8a,1640,3334591 2026-07-16T12:04:42+03:00 more skills realignment,2026-08-02T04:55:56.557543+00:00,1,9851624185309205
M,to-spec/SKILL.md,ce7dd4b29b9fa5018166fd8f095396ef445d96cac4d5fbcbd1c4b9028bd0b2eb,1546a4b06cc357d572ed89a230b399a01a1fba19064cf3197e80e97e0b6fac1f,9ef3973e2d0c868406625fdb95ed48e782a783ca6d6e65ec58a0f2896f7234ac,3034,"57c972e 2026-08-24T00:32:45+03:00 SKILL: the corpus learns to merge, and project facts leave the bodies",2026-08-23T21:19:31.331980+00:00,1,28147497671161753
M,to-tickets/SKILL.md,9bf1935506cb7811d7046b6cda4da84797a62d60405bf66e186a99576a14a432,1f093b5ce9a7591870325db566d5a893f2ffa5c7c040a28d5cd629c2ea798666,1f093b5ce9a7591870325db566d5a893f2ffa5c7c040a28d5cd629c2ea798666,6470,"57c972e 2026-08-24T00:32:45+03:00 SKILL: the corpus learns to merge, and project facts leave the bodies",2026-08-23T21:19:01.956427+00:00,1,35465847065547280
M,to-tickets/TICKET-FORMAT.md,966aa02abcc2cda2bb2cc1a236e398332da70d8c98c12905486d0fc0ae6c3aa4,966aa02abcc2cda2bb2cc1a236e398332da70d8c98c12905486d0fc0ae6c3aa4,966aa02abcc2cda2bb2cc1a236e398332da70d8c98c12905486d0fc0ae6c3aa4,8582,"57c972e 2026-08-24T00:32:45+03:00 SKILL: the corpus learns to merge, and project facts leave the bodies",2026-08-23T21:24:38.425524+00:00,1,12384898975704919
M,workflow.excalidraw,d8677a226413d27c2a2689f5279fb955820534a4b7a6318d683d62947645fb3b,,,84224,d499e90 2026-08-11T13:42:21+03:00 SKILL: strengthen plan validation workflow,2026-08-10T15:10:54.667098+00:00,1,30117822508081934
A,advise/SKILL.md,f30c75d849503080714de10945ff50f241f69e527b372a4b627c622d565b0d0b,9d178d73f1398e943f1d00fb925ca57b011221c16901f0af56231eab50aa91b9,786fb8bafe24eaa84b035c72ed0251e4f4382d29b0763b33d3ec5fb0fe004cb4,427,1df1d4f 2026-08-12T16:02:02+03:00 SKILL: agent skills corpus,2026-08-07T00:24:31.756756+00:00,1,5066549580894457
A,align/ADR-FORMAT.md,1e1fbcc4cc4ec24db73738b31cbba046d37506178bfe6196caa7631c309dd432,1e1fbcc4cc4ec24db73738b31cbba046d37506178bfe6196caa7631c309dd432,1e1fbcc4cc4ec24db73738b31cbba046d37506178bfe6196caa7631c309dd432,3148,1df1d4f 2026-08-12T16:02:02+03:00 SKILL: agent skills corpus,2026-08-07T00:07:18.406560+00:00,1,5066549580894472
A,align/ARCH-FORMAT.md,35b23a8a9f2f839420d9ec2d421faa3b5ab20bfd21c5ec5902d496a63149ae1d,b6a4f710832fd8aeb62345bf9e772c693c1d73235b0b01afec65dac9f94d10ee,802530ba40d3c2f5b22a73b81bafdec77019ef0fb31fd6891dd5f59e29ea51bb,2645,44a51f5 2026-08-24T00:52:40+03:00 SKILL: separate portable method from this project's conventions,2026-08-20T22:48:27.837171+00:00,1,5066549580894473
A,align/CONCERNS-FORMAT.md,99c75645f0d0c97a172d8dc686fce1a26f6e365025ff4e23f9c71215962f3ac1,44b0fcdd3a4e2dc2745d8ea52fb4ee7215f1e4067e632143bb01820a3836e771,44b0fcdd3a4e2dc2745d8ea52fb4ee7215f1e4067e632143bb01820a3836e771,1096,384d318 2026-08-24T02:09:25+03:00 SKILL: extract the concerns file format from align,2026-08-23T22:59:37.294868+00:00,1,4503599629279664
A,align/EDGE-FORMAT.md,a1cae87e70a620954fcce15ca15a22b183bf3df4f7efc80ccd44371bc7c82498,a1cae87e70a620954fcce15ca15a22b183bf3df4f7efc80ccd44371bc7c82498,a1cae87e70a620954fcce15ca15a22b183bf3df4f7efc80ccd44371bc7c82498,3601,44a51f5 2026-08-24T00:52:40+03:00 SKILL: separate portable method from this project's conventions,2026-08-23T20:26:41.044359+00:00,1,5066549580894474
A,align/GLOSSARY-FORMAT.md,edee2de3a5c64e7767580fb91b9a96dfd6d4f037ba1fd324853d44d0a7cd5c2e,edee2de3a5c64e7767580fb91b9a96dfd6d4f037ba1fd324853d44d0a7cd5c2e,edee2de3a5c64e7767580fb91b9a96dfd6d4f037ba1fd324853d44d0a7cd5c2e,2306,1df1d4f 2026-08-12T16:02:02+03:00 SKILL: agent skills corpus,2026-08-02T04:55:55.919042+00:00,1,5066549580894476
A,align/SKILL.md,92d880c0e0bb27f34a21014b02dc2a520dcc2ffbbb7d6323a3f4f32b415e2b4f,a80b43e2984f40d4be46f46404583682f9272876faed0ae8af34ff5d740f0733,93facf0d1502abca746e8b227b0e47733fa8170230966debc9f9057bdf720109,8367,384d318 2026-08-24T02:09:25+03:00 SKILL: extract the concerns file format from align,2026-08-23T22:59:07.159540+00:00,1,5066549580894482
A,celebrate/SKILL.md,c85d5b0a07f8f485b488f59fd3ced2113c460735e54e61782dd99725711c4bb8,66a74a4668b1640227e9d1719cdbc55f8cff6fbdb382940efe159de63fa50639,66a74a4668b1640227e9d1719cdbc55f8cff6fbdb382940efe159de63fa50639,152,44a51f5 2026-08-24T00:52:40+03:00 SKILL: separate portable method from this project's conventions,2026-08-19T23:51:58.013587+00:00,1,3377699722436921
A,commit/SKILL.md,2bd403be0bc099dd72b490dbf0cb53934fb9d74c532958d222948c1805da655d,63a650062410520d24d5075dcfa446248b799aabd995c4f4a136fbe5f1dbc4e2,01896dfada274411bee6a0fc6739a5284c44fc94ef1f7274d041b13ee53ab06d,1727,44a51f5 2026-08-24T00:52:40+03:00 SKILL: separate portable method from this project's conventions,2026-08-23T20:59:06.463759+00:00,1,5066549580894506
A,conclude/SKILL.md,26189c1b14814d93c4d6575b93846d03045bbed9c868074cc9cc08120cfd0417,26189c1b14814d93c4d6575b93846d03045bbed9c868074cc9cc08120cfd0417,3360d091c762920b4f7b73358c538515e1b83cf7fecf76ad262b2ef6d06e2e55,1655,1df1d4f 2026-08-12T16:02:02+03:00 SKILL: agent skills corpus,2026-08-12T12:27:25.071393+00:00,1,464433711572685101
A,denoise/SKILL.md,5a175034b60409d2281c56cd9a9e326ada35264356cc50e886593a35439c0789,9e988da7102d134528b919b8425e3e093ba5e6b56273f50dede8875479a27eed,ea56f9a57f4653ac6dd7c06f9b354ba8224de43d9766cfc6aa3c2a1d00328f64,3680,44a51f5 2026-08-24T00:52:40+03:00 SKILL: separate portable method from this project's conventions,2026-08-19T23:25:48.272105+00:00,1,270215977642332484
A,dream/SKILL.md,37de45743d4453f71cf465852c072f5e01205ef01467de6f9f545a021d33e4e1,e123fa7f73fb7027586ec3897cef87ca2f36825ee6665569a4e196f3d823c549,c84190d21583c3ff8a6fbed10ec906f8723ee97eb63fbe0acca01aa0ecc3ff25,3078,44a51f5 2026-08-24T00:52:40+03:00 SKILL: separate portable method from this project's conventions,2026-08-18T17:46:33.741191+00:00,1,5066549580894664
A,edge/SKILL.md,aa9f930acd0f78e99963cdcfbaf96b91a7ce53b5f4038c889f7f651ea385e4b4,aa9f930acd0f78e99963cdcfbaf96b91a7ce53b5f4038c889f7f651ea385e4b4,aa9f930acd0f78e99963cdcfbaf96b91a7ce53b5f4038c889f7f651ea385e4b4,3331,44a51f5 2026-08-24T00:52:40+03:00 SKILL: separate portable method from this project's conventions,2026-08-23T20:40:05.754956+00:00,1,5066549580894775
A,impact/SKILL.md,82c1ca96c6478280c8c4bd91d1d79988c04b87dbbad3c578fe3b4de402e9c24b,dc75edf077323e2cfdfb9e3c8c5fb95cc292848e8295c680925bbeaea5b7f10c,464cdd455a23b32c5371be912a4306dd07a411b7d51377139b0d1c88fdf23843,1333,44a51f5 2026-08-24T00:52:40+03:00 SKILL: separate portable method from this project's conventions,2026-08-18T16:45:40.109404+00:00,1,3096224745726264
A,implement/SKILL.md,ecd1a250bc79257e9d0a8fccf1b13222def87ae3a32b3ca87f28afdbb8b3c611,ecd1a250bc79257e9d0a8fccf1b13222def87ae3a32b3ca87f28afdbb8b3c611,d2b777c64fbac6f3390c0e5214c0eceb57314e01ef491800bd8203590eeced9d,1707,44a51f5 2026-08-24T00:52:40+03:00 SKILL: separate portable method from this project's conventions,2026-08-21T22:38:13.781995+00:00,1,2251799813788275
A,improve-comments/SKILL.md,f2923712aeedcea5e008eb5a7d8ac096041b8aa73200eae4d87ff44587c0cc70,1e9237cecbc3b97d0b41fa64f38cbebb1c359ba3ece8cf32ba3a97e9403bd1dd,1e9237cecbc3b97d0b41fa64f38cbebb1c359ba3ece8cf32ba3a97e9403bd1dd,5523,44a51f5 2026-08-24T00:52:40+03:00 SKILL: separate portable method from this project's conventions,2026-08-19T12:12:12.211475+00:00,1,196469533744140959
A,plan-impl/SKILL.md,d26406f1fcdafac81a6d8ed506edef2b8175835d7c6fe0198a4ffcb5e0150e99,3cba7cd8dab54a1b561063d6623886ad936e86ab8d1aa7226eba66e8f29dd36a,3cba7cd8dab54a1b561063d6623886ad936e86ab8d1aa7226eba66e8f29dd36a,6266,44a51f5 2026-08-24T00:52:40+03:00 SKILL: separate portable method from this project's conventions,2026-08-21T23:56:48.422683+00:00,1,43910096366965502
A,recall/SKILL.md,6b77ec586f373663852824a23d6254c37ebd3ff720c9941017629bd50c31cfee,6b77ec586f373663852824a23d6254c37ebd3ff720c9941017629bd50c31cfee,94e4380b597832307567cdf9f6f6e027fa6a9ecd2cd578eb1c19e39ea65a3ac7,2274,44a51f5 2026-08-24T00:52:40+03:00 SKILL: separate portable method from this project's conventions,2026-08-23T20:55:46.957165+00:00,1,4785074604184323
A,review-architecture/REFERENCE.md,2dca8d8a5d300c09ba4bc7bacf3f79b75cf5742e87510428052e43e8775f71fb,46e84c4680e85fcf8f3cefbe81258df0a1028decb6928418ba06200409fb7752,46e84c4680e85fcf8f3cefbe81258df0a1028decb6928418ba06200409fb7752,1563,1df1d4f 2026-08-12T16:02:02+03:00 SKILL: agent skills corpus,2026-08-07T00:34:37.376329+00:00,1,4785074604184326
A,review-architecture/SKILL.md,2046aa408317fe914364019673c6fc81e96ed9594d635ec81fcdf49a1eafafa6,cbe3969498b104f40af6ad7ed87fc3e790b3d402ad2138fdaec0d2ec6571afbb,cbe3969498b104f40af6ad7ed87fc3e790b3d402ad2138fdaec0d2ec6571afbb,4205,1df1d4f 2026-08-12T16:02:02+03:00 SKILL: agent skills corpus,2026-08-07T00:34:27.596677+00:00,1,4503599627473671
A,review-impl/SKILL.md,98c206c81dc31797945bb16e01daee45a578240fc8cb97d079fd6bb943d86137,e76cb3301db1c87d2d60843cb9a44288033c2892744b12e65587403bd00b007d,91e7a1da2fc75b3fba84c803699a9aa59ba68cda59c4acc5cc8cf0a816445431,1046,1df1d4f 2026-08-12T16:02:02+03:00 SKILL: agent skills corpus,2026-08-09T22:21:00.668702+00:00,1,4785074604184329
A,setup-devops/SKILL.md,8dbbe764edcd5e541e1039e0ef8c032ab64ca424b1358e56cfaacc39b0fa665e,f5affa7744a53cc53049d3f304715a1e36c35fae8779350293d580c707cab729,f5affa7744a53cc53049d3f304715a1e36c35fae8779350293d580c707cab729,1179,1df1d4f 2026-08-12T16:02:02+03:00 SKILL: agent skills corpus,2026-08-07T00:24:39.957032+00:00,1,4503599627473678
A,skill-up/SKILL.md,ddd9b69064de2781dd7b50e79fff6870ffe7ec34ff9498bc90cedff735d4902b,ddd9b69064de2781dd7b50e79fff6870ffe7ec34ff9498bc90cedff735d4902b,bd8feaba78b36a9e4c6febec01c1ee2a873c4535c883c56114e186a59f9c8993,2269,44a51f5 2026-08-24T00:52:40+03:00 SKILL: separate portable method from this project's conventions,2026-08-23T20:55:54.899805+00:00,1,4785074604184339
A,sync-arch/SKILL.md,fd3a6a76bd55f2f06e209fd587a5cfe1b6074bf3193634e2760d056e5a618f56,00b474ed91e2b38faacf879a3adb0ffb2f1977c621572f174caee8c69d013b54,81ac356d470dda6dd0c0bf58c3b4b15cb9670ceefc097ed071654c1fce109b80,2458,44a51f5 2026-08-24T00:52:40+03:00 SKILL: separate portable method from this project's conventions,2026-08-23T20:54:06.967764+00:00,1,4503599627473687
A,tdd/deep-modules.md,f2123700bf953db1740625686c75bdd145efd486357c47c6818c869fee657a32,f2123700bf953db1740625686c75bdd145efd486357c47c6818c869fee657a32,f2123700bf953db1740625686c75bdd145efd486357c47c6818c869fee657a32,1239,1df1d4f 2026-08-12T16:02:02+03:00 SKILL: agent skills corpus,2026-08-02T04:55:56.494509+00:00,1,4785074604184345
A,tdd/interface-design.md,764c5ff0e3fa6b4ab7095eb65ccc7201e090baf19fa16051dfdb72c06d27417d,764c5ff0e3fa6b4ab7095eb65ccc7201e090baf19fa16051dfdb72c06d27417d,764c5ff0e3fa6b4ab7095eb65ccc7201e090baf19fa16051dfdb72c06d27417d,653,1df1d4f 2026-08-12T16:02:02+03:00 SKILL: agent skills corpus,2026-08-02T04:55:56.516991+00:00,1,4785074604184346
A,tdd/mocking.md,3ceb807fdf4a47d6a93d4d9a891e5ba6d362a6247bd08adc451feebfc17361ef,3ceb807fdf4a47d6a93d4d9a891e5ba6d362a6247bd08adc451feebfc17361ef,3ceb807fdf4a47d6a93d4d9a891e5ba6d362a6247bd08adc451feebfc17361ef,1481,1df1d4f 2026-08-12T16:02:02+03:00 SKILL: agent skills corpus,2026-08-02T04:55:56.527053+00:00,1,4503599627473693
A,tdd/refactoring.md,54fced22dd1911b7094c3fe7979b7c1a40d40be307482c4adf7dc0588f27d6cc,54fced22dd1911b7094c3fe7979b7c1a40d40be307482c4adf7dc0588f27d6cc,54fced22dd1911b7094c3fe7979b7c1a40d40be307482c4adf7dc0588f27d6cc,387,1df1d4f 2026-08-12T16:02:02+03:00 SKILL: agent skills corpus,2026-08-02T04:55:56.535624+00:00,1,4785074604184351
A,tdd/SKILL.md,94eb30d4aca02db9b3fba5ecf2b7c2b2f7ea9f093a51724d02b87e0c0e582182,94eb30d4aca02db9b3fba5ecf2b7c2b2f7ea9f093a51724d02b87e0c0e582182,94eb30d4aca02db9b3fba5ecf2b7c2b2f7ea9f093a51724d02b87e0c0e582182,4579,1df1d4f 2026-08-12T16:02:02+03:00 SKILL: agent skills corpus,2026-08-07T00:08:28.397905+00:00,1,4785074604184353
A,tdd/tests.md,e12182f5c4c6a844b7c6ab4b8d2623b642aaaae5460fe58ed087efd4f3d5fb8a,e12182f5c4c6a844b7c6ab4b8d2623b642aaaae5460fe58ed087efd4f3d5fb8a,e12182f5c4c6a844b7c6ab4b8d2623b642aaaae5460fe58ed087efd4f3d5fb8a,1640,1df1d4f 2026-08-12T16:02:02+03:00 SKILL: agent skills corpus,2026-08-02T04:55:56.557543+00:00,1,4785074604184357
A,to-spec/INITIATIVE-FORMAT.md,091f761fbf86824d41552e08db3b8e8cba0ff0bc8534be7c6280b80278ce7376,5e6edb06ce2b6d827170d3434f0b261a8c7bb6071bcb474280d9ebf503020b02,5e6edb06ce2b6d827170d3434f0b261a8c7bb6071bcb474280d9ebf503020b02,3702,44a51f5 2026-08-24T00:52:40+03:00 SKILL: separate portable method from this project's conventions,2026-08-23T20:51:49.002028+00:00,1,3940649675858234
A,to-spec/SKILL.md,2bc4e1084583c5083ee9cf3bee77c6e6a89a2f2eec47f47ced699587af487974,de3d0b5cb14f32d896731e2e6a60f7c316a48f12d64a7069bf99216bed8c04a1,16c55d0cdf19a6b7a88936d804ac23a5a88d259b90c4fce6cb27f877ac327fc7,3415,44a51f5 2026-08-24T00:52:40+03:00 SKILL: separate portable method from this project's conventions,2026-08-23T20:51:25.404124+00:00,1,4785074604184359
A,to-tickets/NOTION-FORMAT.md,bd8ce07763e25a73e386ae9f2b2978328b1809932bc660bc2d7baac877afac70,d10ac01cdbeebbb7bc67fbcad9f8f891e607383e66677ad6cf48cae7f1323e40,d10ac01cdbeebbb7bc67fbcad9f8f891e607383e66677ad6cf48cae7f1323e40,3742,44a51f5 2026-08-24T00:52:40+03:00 SKILL: separate portable method from this project's conventions,2026-08-23T21:37:28.000457+00:00,1,30117822508135375
A,to-tickets/SKILL.md,76dc43c797f1a38e16ea85b1695779fa1cf34edba8223bd69d150b39d97c096e,cf4c5a57918ca59ff06a3ed51266432134ebb54208df5b3a43762eb0fe66f58f,cf4c5a57918ca59ff06a3ed51266432134ebb54208df5b3a43762eb0fe66f58f,6628,44a51f5 2026-08-24T00:52:40+03:00 SKILL: separate portable method from this project's conventions,2026-08-23T21:38:23.689000+00:00,1,4785074604184361
A,to-tickets/TICKET-FORMAT.md,0445981db0ae43ea248e1b745b262a1323021c570b12802934f1dfe0cdde9b85,0445981db0ae43ea248e1b745b262a1323021c570b12802934f1dfe0cdde9b85,0445981db0ae43ea248e1b745b262a1323021c570b12802934f1dfe0cdde9b85,4280,44a51f5 2026-08-24T00:52:40+03:00 SKILL: separate portable method from this project's conventions,2026-08-23T21:31:03.092403+00:00,1,4503599627473706
A,workflow.excalidraw,d8677a226413d27c2a2689f5279fb955820534a4b7a6318d683d62947645fb3b,,,84224,1df1d4f 2026-08-12T16:02:02+03:00 SKILL: agent skills corpus,2026-08-10T15:10:54.667098+00:00,1,5066549580894453
F,advise/SKILL.md,c8bfb15c6f4fe741e5422339c507e21277eec176f4a0155aeffcdd011cf4d8fc,72ced42e29003050a361f1602444ff91a3c2632f00d816e9a3e0b5855b73875a,bbf1a6f6641dc854a2c27e3022d5ee94b5d88e074879c18e7a618dcefe23a6aa,393,"3f2ba65 2026-09-02T01:12:24+03:00 SKILL: Tighten advise, impact, plan-impl, and to-tickets.",2026-09-01T19:25:21.201273+00:00,1,2251799815600421
F,align/ADR-FORMAT.md,1e1fbcc4cc4ec24db73738b31cbba046d37506178bfe6196caa7631c309dd432,1e1fbcc4cc4ec24db73738b31cbba046d37506178bfe6196caa7631c309dd432,1e1fbcc4cc4ec24db73738b31cbba046d37506178bfe6196caa7631c309dd432,3148,43861b4 2026-08-29T14:18:39+03:00 DOCS: Plan and record FEPEDI stations entering the registry.,2026-08-27T13:23:11.567523+00:00,1,2251799815600423
F,align/ARCH-FORMAT.md,002ee88c47d22e01d4a5f6c13c318cb21f0f53c8f352b9d3dd3a38bab17146b6,802530ba40d3c2f5b22a73b81bafdec77019ef0fb31fd6891dd5f59e29ea51bb,802530ba40d3c2f5b22a73b81bafdec77019ef0fb31fd6891dd5f59e29ea51bb,2647,43861b4 2026-08-29T14:18:39+03:00 DOCS: Plan and record FEPEDI stations entering the registry.,2026-08-27T13:23:12.691912+00:00,1,2251799815600424
F,align/EDGE-FORMAT.md,0bb4498b06a1857ac4e11f1848f573e75e8e5725ee9a7b752684d2c05953efba,77211d32161a9444a4d1781f0da64b460a382e2ae6d2e9ee27fc0719756deb44,77211d32161a9444a4d1781f0da64b460a382e2ae6d2e9ee27fc0719756deb44,3675,43861b4 2026-08-29T14:18:39+03:00 DOCS: Plan and record FEPEDI stations entering the registry.,2026-08-27T13:23:31.440101+00:00,1,1970324838889936
F,align/GLOSSARY-FORMAT.md,7d792d79d316a33dfd6abdcab3fe4f9b532971b64ec9e10ccb1e4d0800c8d4e2,7d792d79d316a33dfd6abdcab3fe4f9b532971b64ec9e10ccb1e4d0800c8d4e2,edee2de3a5c64e7767580fb91b9a96dfd6d4f037ba1fd324853d44d0a7cd5c2e,2483,43861b4 2026-08-29T14:18:39+03:00 DOCS: Plan and record FEPEDI stations entering the registry.,2026-08-27T13:23:17.071437+00:00,1,2251799815600425
F,align/SKILL.md,6644c49b7a0060f0f31e67139831999a3c6225d11bc1ed9a914c4f8e9978b24d,67bf745c72f9064762ae595d8903c7b82eabef9d12f427e52398a45b04efafce,6ae0d82610a93beba86041b698c65926f5dd266757eda00d2ce7763adaba6f92,8787,43861b4 2026-08-29T14:18:39+03:00 DOCS: Plan and record FEPEDI stations entering the registry.,2026-08-27T13:21:42.129101+00:00,1,2251799815600426
F,celebrate/SKILL.md,c85d5b0a07f8f485b488f59fd3ced2113c460735e54e61782dd99725711c4bb8,66a74a4668b1640227e9d1719cdbc55f8cff6fbdb382940efe159de63fa50639,66a74a4668b1640227e9d1719cdbc55f8cff6fbdb382940efe159de63fa50639,152,43861b4 2026-08-29T14:18:39+03:00 DOCS: Plan and record FEPEDI stations entering the registry.,2026-08-27T13:24:58.445702+00:00,1,1688849862179295
F,commit/SKILL.md,bbb0e9c94728623b9c18724f1f5e412cb53bdf0b093c64a9548f0e4c7a170493,1218cf802701636d554fff000596a7a098ca1904526821e8284775eacaf8ec00,01896dfada274411bee6a0fc6739a5284c44fc94ef1f7274d041b13ee53ab06d,1476,43861b4 2026-08-29T14:18:39+03:00 DOCS: Plan and record FEPEDI stations entering the registry.,2026-08-27T13:25:10.757904+00:00,1,1688849862179297
F,conclude/SKILL.md,7e310ce6b49a6b1215b0aa3afeb6438c43943475934debd0ba8a477b283fbe72,26189c1b14814d93c4d6575b93846d03045bbed9c868074cc9cc08120cfd0417,3360d091c762920b4f7b73358c538515e1b83cf7fecf76ad262b2ef6d06e2e55,1679,43861b4 2026-08-29T14:18:39+03:00 DOCS: Plan and record FEPEDI stations entering the registry.,2026-08-27T15:12:13.461318+00:00,1,1407374885468460
F,denoise/SKILL.md,306692f32fa55437b06c3774a70c38418c4ab0898288e8772df46a81a8615b31,70f98a2fd5976ce5a8e7aaf82f24281bd6f4c0eba759651b618f60f8c2919b7d,ea56f9a57f4653ac6dd7c06f9b354ba8224de43d9766cfc6aa3c2a1d00328f64,3953,43861b4 2026-08-29T14:18:39+03:00 DOCS: Plan and record FEPEDI stations entering the registry.,2026-08-27T18:49:17.951170+00:00,1,1407374885468462
F,impact/SKILL.md,551ed70b18836ff903f90a0e7fd6d1e0d2770449b8785ec69b5d0d48fbcde054,8e49a467cf1f7314763768a96f729e57ae17eb8e65c54d19ca9de2727033c6c1,8e49a467cf1f7314763768a96f729e57ae17eb8e65c54d19ca9de2727033c6c1,1393,"3f2ba65 2026-09-02T01:12:24+03:00 SKILL: Tighten advise, impact, plan-impl, and to-tickets.",2026-08-30T08:56:37.255439+00:00,1,1970324838889935
F,implement/SKILL.md,b46a36097727e11fbc169e61ca5411489de83e301395e90eec72f258502c3e6f,86ec63022484ca2a6a87a8365876e122303bf0e02bc5da6d3f16dd9aa40b1a3a,d2b777c64fbac6f3390c0e5214c0eceb57314e01ef491800bd8203590eeced9d,1900,43861b4 2026-08-29T14:18:39+03:00 DOCS: Plan and record FEPEDI stations entering the registry.,2026-08-27T13:38:40.749944+00:00,1,1407374885468464
F,improve-comments/SKILL.md,f2923712aeedcea5e008eb5a7d8ac096041b8aa73200eae4d87ff44587c0cc70,1e9237cecbc3b97d0b41fa64f38cbebb1c359ba3ece8cf32ba3a97e9403bd1dd,1e9237cecbc3b97d0b41fa64f38cbebb1c359ba3ece8cf32ba3a97e9403bd1dd,5523,43861b4 2026-08-29T14:18:39+03:00 DOCS: Plan and record FEPEDI stations entering the registry.,2026-08-27T13:25:34.871422+00:00,1,1407374885468466
F,plan-impl/SKILL.md,c213bf38b2a22d262e81a8e3f664639dfd0f3b6da7d2a7c8dc922bb79b1d64c3,52887f4632f3b55456e33a567f10fe66d52e4b4abbb64a5eb4c53986ceb5fe94,869a29c2939155bfefc629e46d8b43b39a06109dfcf3e97d5f15edecf5dc2093,6509,a0ba8d5 2026-09-03T09:33:18+03:00 SKILL: Leave Pass to the hook; review-impl may call /implement.,2026-09-02T15:14:58.528655+00:00,1,1407374885468468
F,recall/SKILL.md,b89068516ee0b3fb6782c6938efb9bab407e8314ea9770402d469550160111fc,3619826fc71d4c072e7c138fa03782f10941a6c32f993f4c346930a9f6dd67a6,b87cb090eb60da4b2a00c675fd5de90bbc16cbef21122608263d16f2af18c95a,2649,29c3cc6 2026-08-29T15:49:18+03:00 SKILL: Treat landed-but-unchecked tickets as the next session first.,2026-08-29T12:29:16.729723+00:00,1,4222124652575249
F,review-architecture/REFERENCE.md,2dca8d8a5d300c09ba4bc7bacf3f79b75cf5742e87510428052e43e8775f71fb,46e84c4680e85fcf8f3cefbe81258df0a1028decb6928418ba06200409fb7752,46e84c4680e85fcf8f3cefbe81258df0a1028decb6928418ba06200409fb7752,1563,43861b4 2026-08-29T14:18:39+03:00 DOCS: Plan and record FEPEDI stations entering the registry.,2026-08-27T17:53:54.114071+00:00,1,1407374885468470
F,review-architecture/SKILL.md,2046aa408317fe914364019673c6fc81e96ed9594d635ec81fcdf49a1eafafa6,cbe3969498b104f40af6ad7ed87fc3e790b3d402ad2138fdaec0d2ec6571afbb,cbe3969498b104f40af6ad7ed87fc3e790b3d402ad2138fdaec0d2ec6571afbb,4205,43861b4 2026-08-29T14:18:39+03:00 DOCS: Plan and record FEPEDI stations entering the registry.,2026-08-27T17:53:48.004408+00:00,1,1407374885468471
F,review-impl/SKILL.md,53d89573874febf28ba9c10127cbf7ab7f655049fb9f33074b83e521e8457fae,a5d148ba641cf047018710975722f337d425a745cd4c50768f1e9b1ee129f669,a5d148ba641cf047018710975722f337d425a745cd4c50768f1e9b1ee129f669,1096,a0ba8d5 2026-09-03T09:33:18+03:00 SKILL: Leave Pass to the hook; review-impl may call /implement.,2026-09-02T19:18:40.617250+00:00,1,1688849862179293
F,setup-devops/SKILL.md,8dbbe764edcd5e541e1039e0ef8c032ab64ca424b1358e56cfaacc39b0fa665e,f5affa7744a53cc53049d3f304715a1e36c35fae8779350293d580c707cab729,f5affa7744a53cc53049d3f304715a1e36c35fae8779350293d580c707cab729,1179,43861b4 2026-08-29T14:18:39+03:00 DOCS: Plan and record FEPEDI stations entering the registry.,2026-08-27T13:25:15.185755+00:00,1,1407374885468473
F,skill-up/SKILL.md,b4775b457ed627b8baf6166af51005fe23454e4148c7ef098acb9a97217e90a6,b4775b457ed627b8baf6166af51005fe23454e4148c7ef098acb9a97217e90a6,b4775b457ed627b8baf6166af51005fe23454e4148c7ef098acb9a97217e90a6,2693,43861b4 2026-08-29T14:18:39+03:00 DOCS: Plan and record FEPEDI stations entering the registry.,2026-08-23T21:19:12.843290+00:00,1,1407374885468488
F,sync-arch/SKILL.md,0c56ca43b57f386bd071334f50aa1dbb01a2df43a542bb9ebeb6b493f31aed65,c7fbcd45af525a4d556848cc61b0f5892f32e9f7c9142c9c56396f893afccce2,81ac356d470dda6dd0c0bf58c3b4b15cb9670ceefc097ed071654c1fce109b80,2579,43861b4 2026-08-29T14:18:39+03:00 DOCS: Plan and record FEPEDI stations entering the registry.,2026-08-27T17:53:44.003086+00:00,1,1407374885468475
F,tdd/deep-modules.md,f2123700bf953db1740625686c75bdd145efd486357c47c6818c869fee657a32,f2123700bf953db1740625686c75bdd145efd486357c47c6818c869fee657a32,f2123700bf953db1740625686c75bdd145efd486357c47c6818c869fee657a32,1239,43861b4 2026-08-29T14:18:39+03:00 DOCS: Plan and record FEPEDI stations entering the registry.,2026-06-12T08:00:54.312237+00:00,1,1407374885468477
F,tdd/interface-design.md,764c5ff0e3fa6b4ab7095eb65ccc7201e090baf19fa16051dfdb72c06d27417d,764c5ff0e3fa6b4ab7095eb65ccc7201e090baf19fa16051dfdb72c06d27417d,764c5ff0e3fa6b4ab7095eb65ccc7201e090baf19fa16051dfdb72c06d27417d,653,43861b4 2026-08-29T14:18:39+03:00 DOCS: Plan and record FEPEDI stations entering the registry.,2026-06-12T08:00:54.335926+00:00,1,1407374885468478
F,tdd/mocking.md,3ceb807fdf4a47d6a93d4d9a891e5ba6d362a6247bd08adc451feebfc17361ef,3ceb807fdf4a47d6a93d4d9a891e5ba6d362a6247bd08adc451feebfc17361ef,3ceb807fdf4a47d6a93d4d9a891e5ba6d362a6247bd08adc451feebfc17361ef,1481,43861b4 2026-08-29T14:18:39+03:00 DOCS: Plan and record FEPEDI stations entering the registry.,2026-06-12T08:00:54.358583+00:00,1,1407374885468479
F,tdd/refactoring.md,54fced22dd1911b7094c3fe7979b7c1a40d40be307482c4adf7dc0588f27d6cc,54fced22dd1911b7094c3fe7979b7c1a40d40be307482c4adf7dc0588f27d6cc,54fced22dd1911b7094c3fe7979b7c1a40d40be307482c4adf7dc0588f27d6cc,387,43861b4 2026-08-29T14:18:39+03:00 DOCS: Plan and record FEPEDI stations entering the registry.,2026-06-12T08:00:54.381294+00:00,1,1407374885468480
F,tdd/SKILL.md,94eb30d4aca02db9b3fba5ecf2b7c2b2f7ea9f093a51724d02b87e0c0e582182,94eb30d4aca02db9b3fba5ecf2b7c2b2f7ea9f093a51724d02b87e0c0e582182,94eb30d4aca02db9b3fba5ecf2b7c2b2f7ea9f093a51724d02b87e0c0e582182,4579,43861b4 2026-08-29T14:18:39+03:00 DOCS: Plan and record FEPEDI stations entering the registry.,2026-08-27T13:25:15.185755+00:00,1,1407374885468481
F,tdd/tests.md,e12182f5c4c6a844b7c6ab4b8d2623b642aaaae5460fe58ed087efd4f3d5fb8a,e12182f5c4c6a844b7c6ab4b8d2623b642aaaae5460fe58ed087efd4f3d5fb8a,e12182f5c4c6a844b7c6ab4b8d2623b642aaaae5460fe58ed087efd4f3d5fb8a,1640,43861b4 2026-08-29T14:18:39+03:00 DOCS: Plan and record FEPEDI stations entering the registry.,2026-06-12T08:00:54.399859+00:00,1,1407374885468482
F,to-spec/SKILL.md,33e70abe2727d945ac211d9938a344b3dedf94c10e28f9a6e6d91e8c5882d9ab,9ef3973e2d0c868406625fdb95ed48e782a783ca6d6e65ec58a0f2896f7234ac,9ef3973e2d0c868406625fdb95ed48e782a783ca6d6e65ec58a0f2896f7234ac,3036,43861b4 2026-08-29T14:18:39+03:00 DOCS: Plan and record FEPEDI stations entering the registry.,2026-08-27T13:20:45.600762+00:00,1,1407374885468484
F,to-tickets/SKILL.md,f9ef115e3aabe68ab970b11288e93da84c6edb6c7675b712dcfa343bddec0014,9e4e04fed02c70a7f590b37f8e539c4e01ea00b226fdfa63c3b25cd1fb72aa2b,ae8efc9da80842c304d9f6a524a7aeec31d169a52cdbc4693923c0ea2c97c087,6586,"3f2ba65 2026-09-02T01:12:24+03:00 SKILL: Tighten advise, impact, plan-impl, and to-tickets.",2026-08-30T08:55:45.469903+00:00,1,1407374885468486
F,to-tickets/TICKET-FORMAT.md,19dd9aeb9f895aede28ae72a72f970ad3e79f4da763159b4c9350676a5ce3c2b,c9a4b9987ed0c1352ea1103d435f63b370ae8e16035c9254466092d2274a17e2,c9a4b9987ed0c1352ea1103d435f63b370ae8e16035c9254466092d2274a17e2,7888,43861b4 2026-08-29T14:18:39+03:00 DOCS: Plan and record FEPEDI stations entering the registry.,2026-08-27T18:49:09.814012+00:00,1,2251799815600544
L,advise/SKILL.md,b03579c52b600333b5a00f756fd7ddd09debc5503313e94cc99b58553f3cd012,ebc684ac9c90b9241c86cbc54db668abe1af10fffb664459d0a01ffbce393381,de504b0a4ab9cd37359c1bd39a74648812f1f28be757df3d5093cd875d7916c9,695,5af72dc 2026-08-25T15:29:41+03:00 The skills go back to the home that is not a vendor directory,2026-08-24T21:59:35.339664+00:00,1,5348024559411702
L,align/ADR-FORMAT.md,6a7d7d0b961cf19a40d24005efc9a083a4efc3c2523fab7b09b6b38a5b0a9a3c,6a7d7d0b961cf19a40d24005efc9a083a4efc3c2523fab7b09b6b38a5b0a9a3c,6a7d7d0b961cf19a40d24005efc9a083a4efc3c2523fab7b09b6b38a5b0a9a3c,3147,5af72dc 2026-08-25T15:29:41+03:00 The skills go back to the home that is not a vendor directory,2026-06-20T00:22:03.233016+00:00,1,19703248370184684
L,align/ARCH-FORMAT.md,954887aa4bc281df782fb9a6ad3f8766a8a0be2f950a32c089f11305b21a960e,912ca5ba873f1b6d6883897a9d43b19271673699ff0b8395b6176d64916f7840,88972387b38c819ac3e98a3aed0f1dec69efc05ef0d5d77c688b7b0a84669e75,2566,5af72dc 2026-08-25T15:29:41+03:00 The skills go back to the home that is not a vendor directory,2026-06-20T11:26:41.859750+00:00,1,19703248370184727
L,align/EVIDENCE.md,e362140286291d23950b2d0f244a509e1fe01992f9307199238ed08c71ba45d5,e362140286291d23950b2d0f244a509e1fe01992f9307199238ed08c71ba45d5,e362140286291d23950b2d0f244a509e1fe01992f9307199238ed08c71ba45d5,2382,456bab7 2026-09-03T09:53:12+03:00 Rule 4 amended: the legitimate retype reads the operator's ruling off the ticket,2026-09-03T06:50:12.598875+00:00,1,5629499535935574
L,align/GLOSSARY-FORMAT.md,4e5750309ee1d291572df20988f6692d42bdc2a32f14055dbf0658d9c5b3ee1d,4e5750309ee1d291572df20988f6692d42bdc2a32f14055dbf0658d9c5b3ee1d,4e5750309ee1d291572df20988f6692d42bdc2a32f14055dbf0658d9c5b3ee1d,2521,f60d477 2026-08-26T20:24:12+03:00 C7c + C10: the loop and the vocabulary join core,2026-08-26T17:21:18.323596+00:00,1,4503599629281023
L,align/SKILL.md,9cfa1161bf07adc7f3dc84e282f25e48bf2ef033659538a56bb525e8a3a65e9c,4d8cf31c3907be0b9e9c8d31ba786a3e1d01a75ab9e97aa4284b5d44a80b085a,5ff25e907f5887920242810becf102d808e42e3120b341534b8ed4b5c24d6c55,7628,456bab7 2026-09-03T09:53:12+03:00 Rule 4 amended: the legitimate retype reads the operator's ruling off the ticket,2026-09-03T06:50:15.273432+00:00,1,6755399442780080
L,audit/SKILL.md,6562abddda53eaeac594cbe45635508e34ec450efb92817deee0fe2ced0d366b,6562abddda53eaeac594cbe45635508e34ec450efb92817deee0fe2ced0d366b,6562abddda53eaeac594cbe45635508e34ec450efb92817deee0fe2ced0d366b,5648,"7e9ea59 2026-08-26T09:01:41+03:00 The failure register becomes a backlog, and something now picks from it",2026-08-26T05:53:35.010868+00:00,1,4503599629280797
L,celebrate/SKILL.md,26e752d62dc685b3768eaab0bcdcd85710218f1794079a3e4d27964703b7746f,26e752d62dc685b3768eaab0bcdcd85710218f1794079a3e4d27964703b7746f,26e752d62dc685b3768eaab0bcdcd85710218f1794079a3e4d27964703b7746f,2011,4ed4ff5 2026-08-27T23:54:53+03:00 The celebration skill forbade the thing it exists to do,2026-08-27T20:54:32.529423+00:00,1,3940649675865097
L,comment/EVIDENCE.md,0263b51ffbb1ac17f9ef358a1f646f7f28b8cfb4e7ff0c5bfcee3af9a2cd233b,0263b51ffbb1ac17f9ef358a1f646f7f28b8cfb4e7ff0c5bfcee3af9a2cd233b,0263b51ffbb1ac17f9ef358a1f646f7f28b8cfb4e7ff0c5bfcee3af9a2cd233b,13114,4d65cd3 2026-08-27T12:57:46+03:00 The promise register had a reader for when and nobody writing what was promised,2026-08-27T09:56:06.316376+00:00,1,4785074605993269
L,comment/SKILL.md,ea87608ea880378e2adadc12ec3200817741dfc0b429dd78ae34a60ff3aa3c8e,ea87608ea880378e2adadc12ec3200817741dfc0b429dd78ae34a60ff3aa3c8e,c0a1ea689a46bae9a8a317c2bcd8befdb4001ca37627abda6bb2ddb5861e406c,23019,4715e5a 2026-08-28T02:20:44+03:00 Comment rule: name who you are answering - a bare 'you' is addressed to anyone in a flat feed,2026-08-27T23:20:36.924101+00:00,1,5629499536129091
L,commit/SKILL.md,3e970527257a9de3cfcb26ecf127cdc0149dbb105db75400999d1decc95151f4,3e970527257a9de3cfcb26ecf127cdc0149dbb105db75400999d1decc95151f4,42f64318079e74cf2b420c94b1d53e2746df47de162a821639fad77722de3268,2497,85176f8 2026-08-26T21:28:01+03:00 commit: the auto-commit grant moves into the description,2026-08-26T18:23:44.398593+00:00,1,8162774326518249
L,conclude/EVIDENCE.md,2a7b4a2dee98d4ada62e3a0b424e99b01fc869be1e347b368aa5779f3953897f,2a7b4a2dee98d4ada62e3a0b424e99b01fc869be1e347b368aa5779f3953897f,2a7b4a2dee98d4ada62e3a0b424e99b01fc869be1e347b368aa5779f3953897f,2287,"2d7ed6b 2026-08-28T12:57:42+03:00 Read do-whatever as unbounded scope, and never priced the session",2026-08-28T09:56:04.608797+00:00,1,3096224745733447
L,conclude/SKILL.md,e5f9438f5db9de919a11801cfb2e4807feeea09d6cd16c733722dda3c344b49a,27a93ac5060511ca353f6f121bae02d896485d42c02d6fa4089a5136271dffdf,083be3e65dc0d35c7625050abe94a7312bcde6bb087cdb992ad998cc4ea2d457,6427,"2d7ed6b 2026-08-28T12:57:42+03:00 Read do-whatever as unbounded scope, and never priced the session",2026-08-28T09:55:49.718434+00:00,1,12947848930602769
L,denoise/SKILL.md,7ae66b427ba00c0997d382bac22153bcdcf570cfa0461f1afb77b5289ca19807,0fcebd1ca3ac5f68d6ff5a19c5e43a428b59eccceb8d3c8e1b2e328858ae647b,c27d09139615d1118bd6d4ee4252b364736cd7feb8f7ecae874346a8c9b54827,6116,"c94ce01 2026-08-27T18:15:03+03:00 Denoise stops authorising deletion, and the register stops stating its own count",2026-08-27T15:10:48.529116+00:00,1,7881299349812704
L,dream/SKILL.md,e22dacfe712d42b25d3d34a11d0247a6d5248a60ee6a079202fc08f3a46777ab,e22dacfe712d42b25d3d34a11d0247a6d5248a60ee6a079202fc08f3a46777ab,e22dacfe712d42b25d3d34a11d0247a6d5248a60ee6a079202fc08f3a46777ab,6159,"a78baad 2026-09-04T08:50:45+03:00 #3797: the board hardened the checks, and nobody has looked at everything else",2026-09-04T05:50:03.517275+00:00,1,2533274792306289
L,experiment/EVIDENCE.md,a665e4042b08218976a1f3c4ad0ef9aa178c51902d0be8dcd5ca29c8a2d608e5,a665e4042b08218976a1f3c4ad0ef9aa178c51902d0be8dcd5ca29c8a2d608e5,a665e4042b08218976a1f3c4ad0ef9aa178c51902d0be8dcd5ca29c8a2d608e5,3142,"e050246 2026-08-26T23:25:14+03:00 Conclude 0019: the grading wake the 0026 pair was waiting for, and the record",2026-08-26T20:21:54.941786+00:00,1,3940649675861821
L,experiment/SKILL.md,ebcc91c54aa1d01144883748263b47dee886b978090e27cb9bf48953b1eeefd4,ebcc91c54aa1d01144883748263b47dee886b978090e27cb9bf48953b1eeefd4,ebcc91c54aa1d01144883748263b47dee886b978090e27cb9bf48953b1eeefd4,3079,"2e5324b 2026-08-27T00:48:33+03:00 The metric lifecycle travels as a skill, not as a tier-2 page",2026-08-26T21:46:41.971702+00:00,1,3377699722442241
L,failure/EVIDENCE.md,58e3a20fc0ba7041fe1982ef143f905a7a03da2470cc4f81c70fa139a5ebd854,58e3a20fc0ba7041fe1982ef143f905a7a03da2470cc4f81c70fa139a5ebd854,58e3a20fc0ba7041fe1982ef143f905a7a03da2470cc4f81c70fa139a5ebd854,9617,"e99e25f 2026-09-03T14:43:34+03:00 M12 maintained: two instruction files get an authority table, and the cap's caveat gets a home",2026-09-03T11:40:59.495441+00:00,1,4222124652379483
L,failure/SKILL.md,b5435bf19890c0d510a667d08c85480dee071939022c8af6ef3bab5f92380fd9,b5435bf19890c0d510a667d08c85480dee071939022c8af6ef3bab5f92380fd9,b5435bf19890c0d510a667d08c85480dee071939022c8af6ef3bab5f92380fd9,13658,"0e11462 2026-09-03T22:41:58+03:00 C30 closes on the operator's ruling: the ambiguity is irreducible, so the fix is the words",2026-09-03T19:37:03.176463+00:00,1,3940649675670947
L,implement/EVIDENCE.md,ea50ad74b24d2a4e6758f610544c34799ce8fbc03fceaf925ad4a40b820dcd67,ea50ad74b24d2a4e6758f610544c34799ce8fbc03fceaf925ad4a40b820dcd67,ea50ad74b24d2a4e6758f610544c34799ce8fbc03fceaf925ad4a40b820dcd67,4320,"39ff43f 2026-09-02T08:27:45+03:00 /implement rewritten for this tree, and rejoins /triage's owner set",2026-09-02T05:23:07.301081+00:00,1,7881299348467647
L,implement/SKILL.md,e64f1a86ec9142c237d0c3737944943c9aea97a9629d78c1caaf651e7dc35ae9,e64f1a86ec9142c237d0c3737944943c9aea97a9629d78c1caaf651e7dc35ae9,1fe8e86896ef8f13e65bc278e4143e82b3f3401b544f2ed454b86ab25a1d2616,4484,9fef600 2026-09-02T16:12:04+03:00 Strict rule 1 is withdrawn: prohibition became detection,2026-09-02T13:04:53.139590+00:00,1,5348024559224679
L,lurk/EVIDENCE.md,b6636b0a09ffeb0b4d95045229b05696fe0ce79273152bf1676a6f8f206925fd,b6636b0a09ffeb0b4d95045229b05696fe0ce79273152bf1676a6f8f206925fd,b6636b0a09ffeb0b4d95045229b05696fe0ce79273152bf1676a6f8f206925fd,18479,"1c46358 2026-09-04T01:16:13+03:00 /lurk gains a fifth route: the porch, because no other route reaches it",2026-09-03T22:15:58.622686+00:00,1,3377699722236400
L,lurk/SKILL.md,ca2e40a3c6aa679197ed90a1e1f4931e4b278f020386a62c3e9fb4067f25b1ab,ca2e40a3c6aa679197ed90a1e1f4931e4b278f020386a62c3e9fb4067f25b1ab,32474e74ac97bff862e909cbde43fea908b2e4da14e66b97a10835e3b68db729,16808,"9c1b4ea 2026-09-05T03:35:34+03:00 Triage pass 85: the inbox paid, and two of the pass's own instruments failed the way the day was about",2026-09-05T00:28:21.463339+00:00,1,5629499536031375
L,maintain/EVIDENCE.md,27b28a0fb14cbcf38d25087eeb56373fc64cf99628d2fbd2203fb425651c96bf,27b28a0fb14cbcf38d25087eeb56373fc64cf99628d2fbd2203fb425651c96bf,27b28a0fb14cbcf38d25087eeb56373fc64cf99628d2fbd2203fb425651c96bf,5735,"ba1963c 2026-08-30T10:50:32+03:00 /maintain cut from 1124 words to 645, with all 27 rules intact",2026-08-30T07:49:01.016795+00:00,1,1970324838674333
L,maintain/SKILL.md,4aa3bec0d763074e53414c85ba374b4d9b927a83297dc5472bfeb24a5d3ebda1,4aa3bec0d763074e53414c85ba374b4d9b927a83297dc5472bfeb24a5d3ebda1,400186d20fec38dcb95bbb917373be61174a806fb4da3d55a958bd2821696ff4,5665,"b7c17dc 2026-09-03T21:42:54+03:00 Three of the four unset numbers are settled: the ceiling is not live, the sweep has a condition, the slice has a working bound",2026-09-03T18:40:10.648811+00:00,1,3659174698959935
L,mechanism/EVIDENCE.md,abc541821bf891e98242d79ee41601e2a1a2ed7ef734ad3b8bfafbc731c6dd15,abc541821bf891e98242d79ee41601e2a1a2ed7ef734ad3b8bfafbc731c6dd15,abc541821bf891e98242d79ee41601e2a1a2ed7ef734ad3b8bfafbc731c6dd15,16660,ad29e69 2026-08-30T23:46:39+03:00 The ticket mechanism gets its name and the axis that finds it,2026-08-30T20:38:19.319299+00:00,1,2533274792095682
L,mechanism/SKILL.md,0a0c2793792f17785c9cdb3db4fe77453e70d59c1c6cd36214fd9d62bb86179f,fe6982429e8f592649d6939e69896750f58105b9f68307f81b35f3a0d9306f1a,03ba0fb74ed18502f2e5d9a303f85c649ab606ff6376dea100a600b13ee12764,27753,"0e11462 2026-09-03T22:41:58+03:00 C30 closes on the operator's ruling: the ambiguity is irreducible, so the fix is the words",2026-09-03T19:37:02.947037+00:00,1,9851624186581422
L,metric/SKILL.md,4ef18aff68b2565281906d596b586f423ab42c50543163f22592cc51655a17dc,4ef18aff68b2565281906d596b586f423ab42c50543163f22592cc51655a17dc,4ef18aff68b2565281906d596b586f423ab42c50543163f22592cc51655a17dc,3343,f6dc8e6 2026-08-27T01:13:32+03:00 Specs carry the current state; the trace moves to sidecars,2026-08-26T22:12:56.094076+00:00,1,2814749769021056
L,plan-impl/SKILL.md,e25d728337842f80efc15a34b335ef7c7b33bb86bc67a1d4753a465b49ca2a2a,f8175388eb930a8225cbd3b908f35bc90a01b8b21160dcb0a3dad04da252fe74,62e31b8762a2cdb1d87abf6ffb3bf4a432f4366e87b07c5da2c696941d5b68e9,1439,5af72dc 2026-08-25T15:29:41+03:00 The skills go back to the home that is not a vendor directory,2026-07-21T22:41:21.699840+00:00,1,7318349395520228
L,reasoning/EVIDENCE.md,10981593ec8b617670e56b8559652f2d3cfba9d6c04daaba3dca9888c35fc95b,10981593ec8b617670e56b8559652f2d3cfba9d6c04daaba3dca9888c35fc95b,10981593ec8b617670e56b8559652f2d3cfba9d6c04daaba3dca9888c35fc95b,3008,b673b7f 2026-08-29T06:23:36+03:00 Two thirds of the concerns backlog is not an open question at all,2026-08-29T03:20:36.518019+00:00,1,3659174699154432
L,reasoning/SKILL.md,9646e01570d914bf58a35e0d50ce6863c7692d0675d3dd77c186b34b82848117,9646e01570d914bf58a35e0d50ce6863c7692d0675d3dd77c186b34b82848117,9646e01570d914bf58a35e0d50ce6863c7692d0675d3dd77c186b34b82848117,5993,38e9b6d 2026-08-29T06:31:27+03:00 The rename would have been thrown away by a migration adopted the day before,2026-08-29T03:29:21.874412+00:00,1,1970324838892431
L,recall/EVIDENCE.md,e429f6719568054d2feb102dec3892717e4b2a2e7145140235b98e41ab768608,e429f6719568054d2feb102dec3892717e4b2a2e7145140235b98e41ab768608,e429f6719568054d2feb102dec3892717e4b2a2e7145140235b98e41ab768608,7158,"29884bf 2026-08-30T09:28:43+03:00 Triage passes 44, 45 and 46: a metric's mitigation refuted, and a marker I stated instead of deriving",2026-08-30T06:26:15.999209+00:00,1,2533274792095228
L,recall/SKILL.md,a6c6f19dd2ffaa8e5e43ce1b8ebbfe51f8c4a875d84996a33926c5930b68577f,a6c6f19dd2ffaa8e5e43ce1b8ebbfe51f8c4a875d84996a33926c5930b68577f,a6c6f19dd2ffaa8e5e43ce1b8ebbfe51f8c4a875d84996a33926c5930b68577f,6082,cd04a47 2026-08-29T22:18:45+03:00 Recall's trigger moves into the surface that is always loaded,2026-08-29T19:16:09.355646+00:00,1,23643898043725024
L,remember/SKILL.md,08e28585f3db83f3c71977780cc443ce5883df93a0dcc29acc1a5614d3fe7ad1,08e28585f3db83f3c71977780cc443ce5883df93a0dcc29acc1a5614d3fe7ad1,08e28585f3db83f3c71977780cc443ce5883df93a0dcc29acc1a5614d3fe7ad1,2852,"f1452ca 2026-08-26T19:46:00+03:00 C6: operator/ -> bindings/operator/, and rule 5's path amended",2026-08-26T16:35:52.371865+00:00,1,2251799815595573
L,skill-up/SKILL.md,8ff808ac3eda5b40ad947d0472a14a8ea01b6eb4504571dc04a7452b658cf073,8ff808ac3eda5b40ad947d0472a14a8ea01b6eb4504571dc04a7452b658cf073,8b16014561ed706d2ab10f68c9e2874b61349b0304826215b96a3cad6dec3a22,5589,f60d477 2026-08-26T20:24:12+03:00 C7c + C10: the loop and the vocabulary join core,2026-08-26T17:21:17.835341+00:00,1,1970324838887668
L,sync-arch/SKILL.md,d427739b05f308a6ee8e2e6f9d62885b25b1626b93772016a7e2439ddede8b28,791ea7b50d62151ccc74513f47c559ec559bf7473c60ada2fa6d352472f994f4,cfe65b2c29b06b7122736083e364ea7581f6d0d37e346be66d00aff3f270dfb1,1820,d469814 2026-08-26T21:34:39+03:00 Backtick paths in live documents catch up with the moves,2026-08-26T18:33:07.704033+00:00,1,5629499536124450
L,ticket/EVIDENCE.md,30e08cc542c67ffa00720bd1afe0d2de106c7e485e09c4d205c7574b67e0dbb6,30e08cc542c67ffa00720bd1afe0d2de106c7e485e09c4d205c7574b67e0dbb6,30e08cc542c67ffa00720bd1afe0d2de106c7e485e09c4d205c7574b67e0dbb6,6290,"6544fae 2026-09-01T18:07:04+03:00 /ticket's description names grading, whose moment precedes closing",2026-09-01T15:06:56.463370+00:00,1,3096224745536606
L,ticket/SKILL.md,a391558103340cf08acf38544c15abc3a9280a5556f2d8db1c2c2a325c376fe1,a391558103340cf08acf38544c15abc3a9280a5556f2d8db1c2c2a325c376fe1,2e3fd8baaca6892c58d63a9dd259ebbfebd8af7370e1f26f13b980f809e287b3,5180,8c361ea 2026-09-01T18:49:19+03:00 /ticket's Completing step names close-ticket.js instead of describing its work by hand,2026-09-01T15:49:08.821880+00:00,1,2533274792115406
L,ticket/TICKET-FORMAT.md,9f5b3500da098f0a32bc84657f630513dac73319c7de552c652ef30641dba7e5,9f5b3500da098f0a32bc84657f630513dac73319c7de552c652ef30641dba7e5,9f5b3500da098f0a32bc84657f630513dac73319c7de552c652ef30641dba7e5,15367,456bab7 2026-09-03T09:53:12+03:00 Rule 4 amended: the legitimate retype reads the operator's ruling off the ticket,2026-09-03T06:43:36.999479+00:00,1,3096224745539667
L,triage/EVIDENCE.md,fee51dcf60ae5fb39a3b960201ec6b018474bffd17c512856a63060e783b347b,ac0b72110dcebfe0f9dc1361dd6ae81435e20b5b8697531db4ad1dd4fd290350,ac0b72110dcebfe0f9dc1361dd6ae81435e20b5b8697531db4ad1dd4fd290350,17042,887d20d 2026-09-03T13:52:32+03:00 The /triage hand-on paragraph actually lands; the previous commit's message named it over an empty diff,2026-09-03T10:52:30.779712+00:00,1,1970324838673941
L,triage/SKILL.md,33feaab0cb4dd66fce4e994790871544e13bc5a4557139f2cba8f9e8bf155413,023bbbb0b3db0aae0284e51b9b35a495f43844b10ace8ed23d60a8cef38f0db0,ae3274f7f9ce8976f7ce795e257d7052022476b052ba4331a25c517689de32e2,18392,0e1bf0e 2026-09-04T15:06:58+03:00 Triage pass 83: the pass's own marker was six short,2026-09-04T11:57:20.942118+00:00,1,3377699722249884
L2,advise/SKILL.md,b03579c52b600333b5a00f756fd7ddd09debc5503313e94cc99b58553f3cd012,ebc684ac9c90b9241c86cbc54db668abe1af10fffb664459d0a01ffbce393381,de504b0a4ab9cd37359c1bd39a74648812f1f28be757df3d5093cd875d7916c9,695,,2026-08-24T21:59:35.339664+00:00,1,1407374885466570
L2,align/ADR-FORMAT.md,6a7d7d0b961cf19a40d24005efc9a083a4efc3c2523fab7b09b6b38a5b0a9a3c,6a7d7d0b961cf19a40d24005efc9a083a4efc3c2523fab7b09b6b38a5b0a9a3c,6a7d7d0b961cf19a40d24005efc9a083a4efc3c2523fab7b09b6b38a5b0a9a3c,3147,,2026-06-20T00:22:03.233016+00:00,1,1407374885466572
L2,align/ARCH-FORMAT.md,954887aa4bc281df782fb9a6ad3f8766a8a0be2f950a32c089f11305b21a960e,912ca5ba873f1b6d6883897a9d43b19271673699ff0b8395b6176d64916f7840,88972387b38c819ac3e98a3aed0f1dec69efc05ef0d5d77c688b7b0a84669e75,2566,,2026-06-20T11:26:41.859750+00:00,1,1407374885466573
L2,align/GLOSSARY-FORMAT.md,5c92cce61d4d04dbf35aed0ab80cbd8a67becfa4356f45f4117ba6417ed60338,5c92cce61d4d04dbf35aed0ab80cbd8a67becfa4356f45f4117ba6417ed60338,5c92cce61d4d04dbf35aed0ab80cbd8a67becfa4356f45f4117ba6417ed60338,2521,,2026-08-26T05:41:08.320628+00:00,1,1407374885466574
L2,align/SKILL.md,561e1253b40b72e577e61a458416ab6a4391aaf93281ea8f798df65fc53d6cdd,d81887045c270b97a5fb1f5f5e9eb18fb54a263bf4181f25222dd9b4b68af442,d81887045c270b97a5fb1f5f5e9eb18fb54a263bf4181f25222dd9b4b68af442,6846,,2026-08-25T17:32:49.907213+00:00,1,1407374885466575
L2,audit/SKILL.md,6562abddda53eaeac594cbe45635508e34ec450efb92817deee0fe2ced0d366b,6562abddda53eaeac594cbe45635508e34ec450efb92817deee0fe2ced0d366b,6562abddda53eaeac594cbe45635508e34ec450efb92817deee0fe2ced0d366b,5648,,2026-08-26T05:53:35.010868+00:00,1,1407374885466577
L2,comment/EVIDENCE.md,c7d344f7cfbddc2c5397d3c5897c504957e2eb8a1bae5450512c3c12ffe7992e,c7d344f7cfbddc2c5397d3c5897c504957e2eb8a1bae5450512c3c12ffe7992e,c7d344f7cfbddc2c5397d3c5897c504957e2eb8a1bae5450512c3c12ffe7992e,11013,,2026-08-26T08:39:46.564665+00:00,1,1407374885466579
L2,comment/SKILL.md,037868a8e0d0402326a98a12a72f0aee5b9504f582d9117a71e6fce3b5ba74b3,037868a8e0d0402326a98a12a72f0aee5b9504f582d9117a71e6fce3b5ba74b3,2c38b944da8274cc56a68f8286e04abe36ee4d6fa87d31be1fb6a83b944d503c,17619,,2026-08-26T12:47:09.276503+00:00,1,1407374885466580
L2,commit/SKILL.md,0dc3ee65c5da9287535ac12c65aaa88777e714fe261175b491016376b7e6f1f3,0dc3ee65c5da9287535ac12c65aaa88777e714fe261175b491016376b7e6f1f3,5505c8aa168c096d76fa45185faf2551df28faa0c4a0b386b5b4f523dc705c17,2437,,2026-08-24T20:11:58.889233+00:00,1,1407374885466582
L2,conclude/EVIDENCE.md,d3baa18c4cd526ee1a34db224054794b84523629360fde0b46821038e10c8bb9,d3baa18c4cd526ee1a34db224054794b84523629360fde0b46821038e10c8bb9,d3baa18c4cd526ee1a34db224054794b84523629360fde0b46821038e10c8bb9,1290,,2026-08-25T14:27:26.156147+00:00,1,1407374885466584
L2,conclude/SKILL.md,04484dc5166d228c981c9633ef60243136799e6d16b997582c0872e033e5d631,c9ab03dd6d75cae95de97acd41918932467e207faab62c8ce826f9f6e4541b23,27976c607c7f0d80ba856b6844ec64e9cedc3efd807354ac48d6818f78eb3d1d,4905,,2026-08-26T08:55:28.783067+00:00,1,1407374885466585
L2,denoise/SKILL.md,bb620b634631982354bc273797f6aa357353c9adadcc65390525e03ecede4b54,f3cb7430e72cd07b3b2f998664d8b99d73c45021146a45d404fc47d5406f4c7a,2b8658785082b965f7b0ad8e9251efe2d91a2c19f56746562aa9ee2cc41aa6c8,4897,,2026-08-26T05:40:55.248999+00:00,1,1407374885466587
L2,dream/SKILL.md,6cc139cbb764c839877f236a2277a562b1d03e7bfa065bf0bea99a546ea6bc6b,6cc139cbb764c839877f236a2277a562b1d03e7bfa065bf0bea99a546ea6bc6b,6cc139cbb764c839877f236a2277a562b1d03e7bfa065bf0bea99a546ea6bc6b,5516,,2026-08-24T22:32:00.624300+00:00,1,1407374885466589
L2,experiment/EVIDENCE.md,fdd439cdbbe638d8c77e9db2cb222246918cf0611d117d56aa2c2825a7214c17,fdd439cdbbe638d8c77e9db2cb222246918cf0611d117d56aa2c2825a7214c17,fdd439cdbbe638d8c77e9db2cb222246918cf0611d117d56aa2c2825a7214c17,3137,,2026-08-26T11:41:10.697809+00:00,1,1407374885466591
L2,experiment/SKILL.md,d2fa8f1dc687e2bc0f06984a5ad922c5a2c4c4c40ee138665da8b82b3472d838,d2fa8f1dc687e2bc0f06984a5ad922c5a2c4c4c40ee138665da8b82b3472d838,d2fa8f1dc687e2bc0f06984a5ad922c5a2c4c4c40ee138665da8b82b3472d838,2938,,2026-08-26T11:40:40.824654+00:00,1,1407374885466592
L2,failure/EVIDENCE.md,1b7eb0777203907dcd347acf29367e6231f87a4fdab12d10e7f9300b1e41c312,1b7eb0777203907dcd347acf29367e6231f87a4fdab12d10e7f9300b1e41c312,1b7eb0777203907dcd347acf29367e6231f87a4fdab12d10e7f9300b1e41c312,5188,,2026-08-25T15:47:11.830301+00:00,1,1407374885466594
L2,failure/SKILL.md,331b59cae12aa5360bd0a8a527f35b00b46ac7bc6c685214815b456d4f935bf5,331b59cae12aa5360bd0a8a527f35b00b46ac7bc6c685214815b456d4f935bf5,331b59cae12aa5360bd0a8a527f35b00b46ac7bc6c685214815b456d4f935bf5,10239,,2026-08-26T12:41:59.838068+00:00,1,1407374885466595
L2,implement/SKILL.md,90acc01bf835b1b4f6d0834678d2b0ea3961ff1526b64f1a013c6b692f800a8f,67b7734b409ea746336839918ce91fe1b7ece7d2345619e9c517b3dda465a1dd,c0d94aea7e9249c0131606815e0c45971b9415607197827c9fe2b5aded9e7766,1009,,2026-07-16T12:34:39.192197+00:00,1,1407374885466597
L2,lurk/EVIDENCE.md,74fbe6eab9e9e18b6bb44adb96056c0fb58c8de51294f72db199954c74df99a5,74fbe6eab9e9e18b6bb44adb96056c0fb58c8de51294f72db199954c74df99a5,74fbe6eab9e9e18b6bb44adb96056c0fb58c8de51294f72db199954c74df99a5,9932,,2026-08-26T12:08:54.324208+00:00,1,1407374885466599
L2,lurk/SKILL.md,02bebec5741976c3ea1f15666e4b1d425cfcdcca488304995077c083328b187c,02bebec5741976c3ea1f15666e4b1d425cfcdcca488304995077c083328b187c,9f34c1027d519d0b86643f0081b7025f543c69e50702682a2262365b387e3802,6474,,2026-08-26T12:08:33.648165+00:00,1,1407374885466600
L2,plan-impl/SKILL.md,e25d728337842f80efc15a34b335ef7c7b33bb86bc67a1d4753a465b49ca2a2a,f8175388eb930a8225cbd3b908f35bc90a01b8b21160dcb0a3dad04da252fe74,62e31b8762a2cdb1d87abf6ffb3bf4a432f4366e87b07c5da2c696941d5b68e9,1439,,2026-07-21T22:41:21.699840+00:00,1,1407374885466602
L2,recall/EVIDENCE.md,10036f3b352bd9ffd5c6b291204fa9b52d3819312c5ca464f93e665121dee86b,10036f3b352bd9ffd5c6b291204fa9b52d3819312c5ca464f93e665121dee86b,10036f3b352bd9ffd5c6b291204fa9b52d3819312c5ca464f93e665121dee86b,3873,,2026-08-26T05:54:06.321577+00:00,1,1407374885466604
L2,recall/SKILL.md,a5d369a65a07de8bab4bac2a0371069294242e091dac0ed1d3bfa2882272c0b7,a5d369a65a07de8bab4bac2a0371069294242e091dac0ed1d3bfa2882272c0b7,a5d369a65a07de8bab4bac2a0371069294242e091dac0ed1d3bfa2882272c0b7,4017,,2026-08-26T05:53:47.045013+00:00,1,1407374885466605
L2,remember/SKILL.md,88abc979f24b7dc8522e1e5af6eaafc389eb0cb1b974d35cce2e1253eb30b7ee,88abc979f24b7dc8522e1e5af6eaafc389eb0cb1b974d35cce2e1253eb30b7ee,88abc979f24b7dc8522e1e5af6eaafc389eb0cb1b974d35cce2e1253eb30b7ee,2843,,2026-08-24T21:44:23.674828+00:00,1,1407374885466607
L2,skill-up/SKILL.md,db4dc72a1de21953c7d810c35a8b99e7ec56aad7ab4cbd641e905657f0e27c16,db4dc72a1de21953c7d810c35a8b99e7ec56aad7ab4cbd641e905657f0e27c16,8b16014561ed706d2ab10f68c9e2874b61349b0304826215b96a3cad6dec3a22,5589,,2026-08-26T11:43:19.608189+00:00,1,1407374885466609
L2,sync-arch/SKILL.md,8a8e6da2980b94cba318c46e0d824fee2af071cab8dc7c59e9c7d0eda846ec4f,644e39dacb553e3927e54c76267c04ded66242d6918caa5645db36572ef57a35,d419a4596b22d254646ce09a741a47cdf6188862c3f7419c3027e3b749904ed2,1820,,2026-07-21T22:49:48.623737+00:00,1,1407374885466611
L2,to-tickets/EVIDENCE.md,e9b5d9d1c8102286f8aab2f901bcca278737dafc2ad67364f13a4c833d25e69c,e9b5d9d1c8102286f8aab2f901bcca278737dafc2ad67364f13a4c833d25e69c,e9b5d9d1c8102286f8aab2f901bcca278737dafc2ad67364f13a4c833d25e69c,1718,,2026-08-26T11:55:31.997052+00:00,1,1407374885466613
L2,to-tickets/SKILL.md,84ddaf9a894d326a4b79e678e85df1bafec6fd4fecc26d8362a97eb6a7608edc,84ddaf9a894d326a4b79e678e85df1bafec6fd4fecc26d8362a97eb6a7608edc,e0881498e2f8f6c234750799de6c021caabadda85ca57d7cb90be46002d8cb5d,4315,,2026-08-26T12:42:05.999850+00:00,1,1407374885466614
L2,to-tickets/TICKET-FORMAT.md,05921ddfea082f0abaa833640e0968da462e34f589d5f7d758d976aa8e103317,05921ddfea082f0abaa833640e0968da462e34f589d5f7d758d976aa8e103317,05921ddfea082f0abaa833640e0968da462e34f589d5f7d758d976aa8e103317,8491,,2026-08-26T12:47:15.231582+00:00,1,1407374885466615
L2,triage/EVIDENCE.md,775fc1192eaa0d098cc000eb9d48dcee4cfde8bac6d4b81f098ffa5450ab7b36,775fc1192eaa0d098cc000eb9d48dcee4cfde8bac6d4b81f098ffa5450ab7b36,775fc1192eaa0d098cc000eb9d48dcee4cfde8bac6d4b81f098ffa5450ab7b36,4681,,2026-08-26T05:52:54.860201+00:00,1,1407374885466617
L2,triage/SKILL.md,1bd6411b937c0fc00cd08a11714e6afd74877e5cb43022fad7b93e8a90bc005d,1bd6411b937c0fc00cd08a11714e6afd74877e5cb43022fad7b93e8a90bc005d,8bd5d5dfd5ea8861ebcfca8eed9f8a7e526d62f3adb426a9cd613f5fe13e6d2e,5530,,2026-08-26T09:07:32.560088+00:00,1,1407374885466618
W,align/ADR-FORMAT.md,6a7d7d0b961cf19a40d24005efc9a083a4efc3c2523fab7b09b6b38a5b0a9a3c,6a7d7d0b961cf19a40d24005efc9a083a4efc3c2523fab7b09b6b38a5b0a9a3c,6a7d7d0b961cf19a40d24005efc9a083a4efc3c2523fab7b09b6b38a5b0a9a3c,3147,,2026-06-20T00:22:03.233016+00:00,1,1125899909733393
W,align/ARCH-FORMAT.md,954887aa4bc281df782fb9a6ad3f8766a8a0be2f950a32c089f11305b21a960e,912ca5ba873f1b6d6883897a9d43b19271673699ff0b8395b6176d64916f7840,88972387b38c819ac3e98a3aed0f1dec69efc05ef0d5d77c688b7b0a84669e75,2566,,2026-06-20T11:26:41.859750+00:00,1,55450570412048195
W,align/GLOSSARY-FORMAT.md,edee2de3a5c64e7767580fb91b9a96dfd6d4f037ba1fd324853d44d0a7cd5c2e,edee2de3a5c64e7767580fb91b9a96dfd6d4f037ba1fd324853d44d0a7cd5c2e,edee2de3a5c64e7767580fb91b9a96dfd6d4f037ba1fd324853d44d0a7cd5c2e,2306,,2026-06-16T20:55:15.570418+00:00,1,844424933022745
W,align/SKILL.md,385f651d4aff3d895994a63171535e75a56dda68b322b46b4940979ecad4c7ed,385f651d4aff3d895994a63171535e75a56dda68b322b46b4940979ecad4c7ed,385f651d4aff3d895994a63171535e75a56dda68b322b46b4940979ecad4c7ed,4541,,2026-06-20T11:39:10.045426+00:00,1,844424933022748
W,conclude/SKILL.md,4cfedf9b423d6e8f4c6704ac1ebe1f8592bb07e5c4aa9889748e85418d43d66c,b328a3690da2c78ee17c74e1eef81f8bbb7d25ea6d4071c394846905f896acf1,a77682d35fd087cfba63e75569283e07f8c24645c1480a06ac5693bcec1bba1f,676,,2026-06-15T21:30:16.302830+00:00,1,844424933022887
W,denoise/SKILL.md,50ed86d3046908d28aac7722217cf18ffcbe1d6f05e15840779daa5378c37949,63356e6af9792bc14d76b1e0438dc81d24a8268a8ad419ac228c41973bff1ab6,63356e6af9792bc14d76b1e0438dc81d24a8268a8ad419ac228c41973bff1ab6,1484,,2026-06-21T21:33:00.765712+00:00,1,147211412819693467
W,review-architecture/REFERENCE.md,3bcc950ca2bb79d40f339c11e1175de89812de5a214481dc2844329fa7ce97b5,dd47bb0359f8e09db95d393c6b9f8c77430af37826d939557edc2abef59cddbb,dd47bb0359f8e09db95d393c6b9f8c77430af37826d939557edc2abef59cddbb,3047,,2026-06-06T09:00:07.258808+00:00,1,844424933022753
W,review-architecture/SKILL.md,f53a07a4f38f8b41b8160fd256bccee7b88e7d5545f1d6df5ea9bd4dbcf6b1d6,ce1b3b96ea3ffa2d77e50754e4dfe1301df8f6d07d32913273410d6b0337a716,ce1b3b96ea3ffa2d77e50754e4dfe1301df8f6d07d32913273410d6b0337a716,4173,,2026-06-20T11:40:23.519932+00:00,1,562949956312101
W,tdd/deep-modules.md,f2123700bf953db1740625686c75bdd145efd486357c47c6818c869fee657a32,f2123700bf953db1740625686c75bdd145efd486357c47c6818c869fee657a32,f2123700bf953db1740625686c75bdd145efd486357c47c6818c869fee657a32,1239,,2026-06-12T08:00:54.312237+00:00,1,844424933022763
W,tdd/interface-design.md,764c5ff0e3fa6b4ab7095eb65ccc7201e090baf19fa16051dfdb72c06d27417d,764c5ff0e3fa6b4ab7095eb65ccc7201e090baf19fa16051dfdb72c06d27417d,764c5ff0e3fa6b4ab7095eb65ccc7201e090baf19fa16051dfdb72c06d27417d,653,,2026-06-12T08:00:54.335926+00:00,1,844424933022770
W,tdd/mocking.md,3ceb807fdf4a47d6a93d4d9a891e5ba6d362a6247bd08adc451feebfc17361ef,3ceb807fdf4a47d6a93d4d9a891e5ba6d362a6247bd08adc451feebfc17361ef,3ceb807fdf4a47d6a93d4d9a891e5ba6d362a6247bd08adc451feebfc17361ef,1481,,2026-06-12T08:00:54.358583+00:00,1,562949956312115
W,tdd/refactoring.md,54fced22dd1911b7094c3fe7979b7c1a40d40be307482c4adf7dc0588f27d6cc,54fced22dd1911b7094c3fe7979b7c1a40d40be307482c4adf7dc0588f27d6cc,54fced22dd1911b7094c3fe7979b7c1a40d40be307482c4adf7dc0588f27d6cc,387,,2026-06-12T08:00:54.381294+00:00,1,562949956312116
W,tdd/SKILL.md,af059705061156fd4845ddbb736fe92b564118ac5f03551e09ef9e8f6d970638,af059705061156fd4845ddbb736fe92b564118ac5f03551e09ef9e8f6d970638,af059705061156fd4845ddbb736fe92b564118ac5f03551e09ef9e8f6d970638,4395,,2026-06-12T08:00:54.290843+00:00,1,844424933022773
W,tdd/tests.md,e12182f5c4c6a844b7c6ab4b8d2623b642aaaae5460fe58ed087efd4f3d5fb8a,e12182f5c4c6a844b7c6ab4b8d2623b642aaaae5460fe58ed087efd4f3d5fb8a,e12182f5c4c6a844b7c6ab4b8d2623b642aaaae5460fe58ed087efd4f3d5fb8a,1640,,2026-06-12T08:00:54.399859+00:00,1,844424933022774
W,to-issues/SKILL.md,c7671c479e6a4e3d13c642abe792044075525e99c9d99ed8d12bee54ea79559b,144494b80b120042fba34ba05b3e28084837f53977ee2a5c1d1adab066402fdc,144494b80b120042fba34ba05b3e28084837f53977ee2a5c1d1adab066402fdc,3455,,2026-06-10T20:45:18.228279+00:00,1,844424933022786
W,write-prd/SKILL.md,f7dc76984d921a0e0f13b50b8030b0d99f30d4582d496a6bf07376286125eac8,f638b8932ef41e98ff957d0ed3b3703741405badfa6d6e64b7c77106421518b6,fbe6d33885549cbc6ac614e3ad529bccd7d25927a98828363a8193bde2c27e9e,3102,,2026-06-10T20:45:28.402307+00:00,1,562949956312135
S,deprecated/design-an-interface/SKILL.md,a2596e9fa2d50e23ba014f64a5b8f9df4eb56b846a52cad152899ef5eb97b085,a2596e9fa2d50e23ba014f64a5b8f9df4eb56b846a52cad152899ef5eb97b085,a2596e9fa2d50e23ba014f64a5b8f9df4eb56b846a52cad152899ef5eb97b085,3366,,2026-06-12T08:00:53.388610+00:00,1,5910974511237607
S,deprecated/qa/SKILL.md,d9727aac6503981bf69bdd8b37e0d85b32b8fbd353a57528c252dac1337ab761,d9727aac6503981bf69bdd8b37e0d85b32b8fbd353a57528c252dac1337ab761,d9727aac6503981bf69bdd8b37e0d85b32b8fbd353a57528c252dac1337ab761,4965,,2026-06-12T08:00:53.422586+00:00,1,5910974511237617
S,deprecated/README.md,b327d43409459a6e892073f676ec2279da3db573f41919b46776a0ac3544eec1,b327d43409459a6e892073f676ec2279da3db573f41919b46776a0ac3544eec1,b327d43409459a6e892073f676ec2279da3db573f41919b46776a0ac3544eec1,642,,2026-06-12T08:00:53.357208+00:00,1,5910974511237576
S,deprecated/request-refactor-plan/SKILL.md,d59de4ba6cc1fe2dd267e8b9b5a1fd88e3e739e2130bc9dd78061d2a072830b8,d59de4ba6cc1fe2dd267e8b9b5a1fd88e3e739e2130bc9dd78061d2a072830b8,d59de4ba6cc1fe2dd267e8b9b5a1fd88e3e739e2130bc9dd78061d2a072830b8,2711,,2026-06-12T08:00:53.458218+00:00,1,6192449487948322
S,deprecated/ubiquitous-language/SKILL.md,2449e2345b96b9f1e861c697b5eab50d03ae1254481a4306b6f815684e523b3a,2449e2345b96b9f1e861c697b5eab50d03ae1254481a4306b6f815684e523b3a,2449e2345b96b9f1e861c697b5eab50d03ae1254481a4306b6f815684e523b3a,4890,,2026-06-12T08:00:53.522635+00:00,1,5910974511237690
S,engineering/diagnose/scripts/hitl-loop.template.sh,b2932630950e5210075bcd6f850e5accf30c101c5367b29eac3a29b4dd8084c8,,,1164,,2026-06-12T08:00:53.650476+00:00,1,5910974511237793
S,engineering/diagnose/SKILL.md,28886402bbfa0470248086eab9106a103b964b76ae9496e63ff0c8a6761b6d13,28886402bbfa0470248086eab9106a103b964b76ae9496e63ff0c8a6761b6d13,28886402bbfa0470248086eab9106a103b964b76ae9496e63ff0c8a6761b6d13,7163,,2026-06-12T08:00:53.599040+00:00,1,6192449487948438
S,engineering/grill-with-docs/ADR-FORMAT.md,f1f36cd3f8d3b6474ddd5855da4e233bfc4ae1a1c5024909ccf11871819a41b2,f1f36cd3f8d3b6474ddd5855da4e233bfc4ae1a1c5024909ccf11871819a41b2,f1f36cd3f8d3b6474ddd5855da4e233bfc4ae1a1c5024909ccf11871819a41b2,2766,,2026-06-12T08:00:53.689866+00:00,1,6473924464659123
S,engineering/grill-with-docs/CONTEXT-FORMAT.md,b8cc318f2a4285b530e908b6bc43901c3c5cd11100362636bbc4216639bef597,b8cc318f2a4285b530e908b6bc43901c3c5cd11100362636bbc4216639bef597,b8cc318f2a4285b530e908b6bc43901c3c5cd11100362636bbc4216639bef597,2299,,2026-06-12T08:00:53.712697+00:00,1,6473924464659148
S,engineering/grill-with-docs/SKILL.md,3e35025119ba03efe7983dfdec3c8b96918142e3978512f3c2bf66d428310c7e,3e35025119ba03efe7983dfdec3c8b96918142e3978512f3c2bf66d428310c7e,3e35025119ba03efe7983dfdec3c8b96918142e3978512f3c2bf66d428310c7e,3639,,2026-06-12T08:00:53.736741+00:00,1,5910974511237837
S,engineering/improve-codebase-architecture/DEEPENING.md,9577485f4fc32c0267639a9151bb41c8af0f8f6086e4bf8b84d5b236e30604e9,9577485f4fc32c0267639a9151bb41c8af0f8f6086e4bf8b84d5b236e30604e9,9577485f4fc32c0267639a9151bb41c8af0f8f6086e4bf8b84d5b236e30604e9,2565,,2026-06-12T08:00:53.775033+00:00,1,6473924464659294
S,engineering/improve-codebase-architecture/HTML-REPORT.md,8a8bcdbb578066271efe6ff675c831a6a4c4c7fd2081d6b5c9bc2e5fabc741d5,8a8bcdbb578066271efe6ff675c831a6a4c4c7fd2081d6b5c9bc2e5fabc741d5,8a8bcdbb578066271efe6ff675c831a6a4c4c7fd2081d6b5c9bc2e5fabc741d5,6671,,2026-06-12T08:00:53.797380+00:00,1,6473924464659303
S,engineering/improve-codebase-architecture/INTERFACE-DESIGN.md,678c3e34f1339015053212b3316bf0b676c70aa251050a0613667d4e755fb35e,678c3e34f1339015053212b3316bf0b676c70aa251050a0613667d4e755fb35e,678c3e34f1339015053212b3316bf0b676c70aa251050a0613667d4e755fb35e,2725,,2026-06-12T08:00:53.821562+00:00,1,6192449487948660
S,engineering/improve-codebase-architecture/LANGUAGE.md,6feca2140439c54a774749e8367f18350899ff69c777144ed2248cd4407949fa,6feca2140439c54a774749e8367f18350899ff69c777144ed2248cd4407949fa,6feca2140439c54a774749e8367f18350899ff69c777144ed2248cd4407949fa,3804,,2026-06-12T08:00:53.882924+00:00,1,6473924464659375
S,engineering/improve-codebase-architecture/SKILL.md,f00de04c7bb83cfd0ed1f97f3401a83838212c30856912ee44ba406649e6c749,f00de04c7bb83cfd0ed1f97f3401a83838212c30856912ee44ba406649e6c749,f00de04c7bb83cfd0ed1f97f3401a83838212c30856912ee44ba406649e6c749,6518,,2026-06-12T08:00:53.914891+00:00,1,5910974511238064
S,engineering/prototype/LOGIC.md,da91dc92195c00d5dc33863b8c1a030998025a0f8583ebf2babd770825b7f70c,da91dc92195c00d5dc33863b8c1a030998025a0f8583ebf2babd770825b7f70c,da91dc92195c00d5dc33863b8c1a030998025a0f8583ebf2babd770825b7f70c,5594,,2026-06-12T08:00:53.980618+00:00,1,221520806671645067
S,engineering/prototype/SKILL.md,a653deb65afa2ee8f45c68f6ef4f593147171b386e994c8cccf89292d9ea9d75,a653deb65afa2ee8f45c68f6ef4f593147171b386e994c8cccf89292d9ea9d75,a653deb65afa2ee8f45c68f6ef4f593147171b386e994c8cccf89292d9ea9d75,3251,,2026-06-12T08:00:54.015560+00:00,1,4503599627730793
S,engineering/prototype/UI.md,d76d565149ee50456c5ddc5e29c27fec8737637874fe5c37d970db085a200b27,d76d565149ee50456c5ddc5e29c27fec8737637874fe5c37d970db085a200b27,d76d565149ee50456c5ddc5e29c27fec8737637874fe5c37d970db085a200b27,6789,,2026-06-12T08:00:54.044118+00:00,1,4222124651025007
S,engineering/README.md,9cc775236a8a67ff5b93833108045e76d5ffe5bfedeabb82ecd108ff5091b341,9cc775236a8a67ff5b93833108045e76d5ffe5bfedeabb82ecd108ff5091b341,9cc775236a8a67ff5b93833108045e76d5ffe5bfedeabb82ecd108ff5091b341,1754,,2026-06-12T08:00:53.562417+00:00,1,6192449487948385
S,engineering/setup-matt-pocock-skills/domain.md,a8cc3d1c11c9cdea455f39c4090cf61ac273f2474dd6f229ab0c2b9b1deec759,a8cc3d1c11c9cdea455f39c4090cf61ac273f2474dd6f229ab0c2b9b1deec759,a8cc3d1c11c9cdea455f39c4090cf61ac273f2474dd6f229ab0c2b9b1deec759,1986,,2026-06-12T08:00:54.151096+00:00,1,3377699720894058
S,engineering/setup-matt-pocock-skills/issue-tracker-github.md,f0e138631d1fc8aedc9e05d25bc688b97679f81eae7a7c760dd35e0790568370,f0e138631d1fc8aedc9e05d25bc688b97679f81eae7a7c760dd35e0790568370,f0e138631d1fc8aedc9e05d25bc688b97679f81eae7a7c760dd35e0790568370,1065,,2026-06-12T08:00:54.171237+00:00,1,2533274790930049
S,engineering/setup-matt-pocock-skills/issue-tracker-gitlab.md,94c574647c4755f2a807742f5e78e7cef586c100266d54501d0e55445c1b1807,94c574647c4755f2a807742f5e78e7cef586c100266d54501d0e55445c1b1807,94c574647c4755f2a807742f5e78e7cef586c100266d54501d0e55445c1b1807,1465,,2026-06-12T08:00:54.198694+00:00,1,10696049115572878
S,engineering/setup-matt-pocock-skills/issue-tracker-local.md,9a052f4599525e581721ec24cb2ae3e0296b79053e39f684b540d34d3a4f6528,9a052f4599525e581721ec24cb2ae3e0296b79053e39f684b540d34d3a4f6528,9a052f4599525e581721ec24cb2ae3e0296b79053e39f684b540d34d3a4f6528,838,,2026-06-12T08:00:54.218028+00:00,1,12947848929282237
S,engineering/setup-matt-pocock-skills/SKILL.md,c778d4e3d86ecc9125c357279a86780657b5db23110e1f7acf4f46d2441e7204,c778d4e3d86ecc9125c357279a86780657b5db23110e1f7acf4f46d2441e7204,c778d4e3d86ecc9125c357279a86780657b5db23110e1f7acf4f46d2441e7204,6861,,2026-06-12T08:00:54.115007+00:00,1,3377699720894049
S,engineering/setup-matt-pocock-skills/triage-labels.md,4f53c9b40ce2651e3611aa090eaedbd6dbc9b71ef8c5f7e65eac0d8263190d0d,4f53c9b40ce2651e3611aa090eaedbd6dbc9b71ef8c5f7e65eac0d8263190d0d,4f53c9b40ce2651e3611aa090eaedbd6dbc9b71ef8c5f7e65eac0d8263190d0d,1045,,2026-06-12T08:00:54.257054+00:00,1,19140298416928757
S,engineering/tdd/deep-modules.md,f2123700bf953db1740625686c75bdd145efd486357c47c6818c869fee657a32,f2123700bf953db1740625686c75bdd145efd486357c47c6818c869fee657a32,f2123700bf953db1740625686c75bdd145efd486357c47c6818c869fee657a32,1239,,2026-06-12T08:00:54.312237+00:00,1,3377699721148332
S,engineering/tdd/interface-design.md,764c5ff0e3fa6b4ab7095eb65ccc7201e090baf19fa16051dfdb72c06d27417d,764c5ff0e3fa6b4ab7095eb65ccc7201e090baf19fa16051dfdb72c06d27417d,764c5ff0e3fa6b4ab7095eb65ccc7201e090baf19fa16051dfdb72c06d27417d,653,,2026-06-12T08:00:54.335926+00:00,1,3096224744437689
S,engineering/tdd/mocking.md,3ceb807fdf4a47d6a93d4d9a891e5ba6d362a6247bd08adc451feebfc17361ef,3ceb807fdf4a47d6a93d4d9a891e5ba6d362a6247bd08adc451feebfc17361ef,3ceb807fdf4a47d6a93d4d9a891e5ba6d362a6247bd08adc451feebfc17361ef,1481,,2026-06-12T08:00:54.358583+00:00,1,4503599627990970
S,engineering/tdd/refactoring.md,54fced22dd1911b7094c3fe7979b7c1a40d40be307482c4adf7dc0588f27d6cc,54fced22dd1911b7094c3fe7979b7c1a40d40be307482c4adf7dc0588f27d6cc,54fced22dd1911b7094c3fe7979b7c1a40d40be307482c4adf7dc0588f27d6cc,387,,2026-06-12T08:00:54.381294+00:00,1,4785074604701639
S,engineering/tdd/SKILL.md,af059705061156fd4845ddbb736fe92b564118ac5f03551e09ef9e8f6d970638,af059705061156fd4845ddbb736fe92b564118ac5f03551e09ef9e8f6d970638,af059705061156fd4845ddbb736fe92b564118ac5f03551e09ef9e8f6d970638,4395,,2026-06-12T08:00:54.290843+00:00,1,5910974511544228
S,engineering/tdd/tests.md,e12182f5c4c6a844b7c6ab4b8d2623b642aaaae5460fe58ed087efd4f3d5fb8a,e12182f5c4c6a844b7c6ab4b8d2623b642aaaae5460fe58ed087efd4f3d5fb8a,e12182f5c4c6a844b7c6ab4b8d2623b642aaaae5460fe58ed087efd4f3d5fb8a,1640,,2026-06-12T08:00:54.399859+00:00,1,4503599627991035
S,engineering/to-issues/SKILL.md,0e6a2973fa5bdf32570227c578f7e474d945dd9281615d31439664c3ef016fce,0e6a2973fa5bdf32570227c578f7e474d945dd9281615d31439664c3ef016fce,0e6a2973fa5bdf32570227c578f7e474d945dd9281615d31439664c3ef016fce,3576,,2026-06-12T08:00:54.439069+00:00,1,3377699721148432
S,engineering/to-prd/SKILL.md,5212dee3af6a95e60d7daaedac08f15f2789b170468d57d23f722e516a255269,5212dee3af6a95e60d7daaedac08f15f2789b170468d57d23f722e516a255269,5212dee3af6a95e60d7daaedac08f15f2789b170468d57d23f722e516a255269,2925,,2026-06-12T08:00:54.484371+00:00,1,4222124651306552
S,engineering/triage/AGENT-BRIEF.md,1c71c747aa97d938f75ec7a4b8fe87451763b38a3ce6348acf2b222e5819b2e5,1c71c747aa97d938f75ec7a4b8fe87451763b38a3ce6348acf2b222e5819b2e5,1c71c747aa97d938f75ec7a4b8fe87451763b38a3ce6348acf2b222e5819b2e5,6243,,2026-06-12T08:00:54.517603+00:00,1,2533274791042624
S,engineering/triage/OUT-OF-SCOPE.md,8ed8cf27833444060c81b3961a83c0e3d8e6cf2fcb2ddf6f8b07c6655cbb0d85,8ed8cf27833444060c81b3961a83c0e3d8e6cf2fcb2ddf6f8b07c6655cbb0d85,8ed8cf27833444060c81b3961a83c0e3d8e6cf2fcb2ddf6f8b07c6655cbb0d85,4282,,2026-06-12T08:00:54.537140+00:00,1,2533274791042626
S,engineering/triage/SKILL.md,b819f0285e4e5814ac6472d0217f07dc9f23d2fdae3ebb0dd31d98360d8ac029,b819f0285e4e5814ac6472d0217f07dc9f23d2fdae3ebb0dd31d98360d8ac029,b819f0285e4e5814ac6472d0217f07dc9f23d2fdae3ebb0dd31d98360d8ac029,4883,,2026-06-12T08:00:54.556276+00:00,1,2814749767753314
S,engineering/zoom-out/SKILL.md,2a6894c7f9b1c9c55f451c625a834c4f377e217b623a85280e55db5fe9cacf48,2a6894c7f9b1c9c55f451c625a834c4f377e217b623a85280e55db5fe9cacf48,2a6894c7f9b1c9c55f451c625a834c4f377e217b623a85280e55db5fe9cacf48,430,,2026-06-12T08:00:54.588404+00:00,1,2533274791042661
S,in-progress/README.md,31e3f77a80d24219162a7de3c3707277c7759aa093d55396247708e2170653bb,31e3f77a80d24219162a7de3c3707277c7759aa093d55396247708e2170653bb,31e3f77a80d24219162a7de3c3707277c7759aa093d55396247708e2170653bb,1126,,2026-06-12T08:00:54.618726+00:00,1,2533274791042669
S,in-progress/review/SKILL.md,5700f30d3f06706ee56c099adceec222fef26dbcf82817ff604962634e246b2e,5700f30d3f06706ee56c099adceec222fef26dbcf82817ff604962634e246b2e,5700f30d3f06706ee56c099adceec222fef26dbcf82817ff604962634e246b2e,4426,,2026-06-12T08:00:54.650002+00:00,1,2533274791042673
S,in-progress/writing-beats/SKILL.md,0843367d0a653bb17e61b3771d0ec08fa463663bc0ab6f3f421141b2687c4429,0843367d0a653bb17e61b3771d0ec08fa463663bc0ab6f3f421141b2687c4429,0843367d0a653bb17e61b3771d0ec08fa463663bc0ab6f3f421141b2687c4429,2836,,2026-06-12T08:00:54.689976+00:00,1,5066549581505055
S,in-progress/writing-fragments/SKILL.md,4ffa34a701caff27da54b9e073fef48471f0ccafee009d404c22ae542d0e8dea,4ffa34a701caff27da54b9e073fef48471f0ccafee009d404c22ae542d0e8dea,4ffa34a701caff27da54b9e073fef48471f0ccafee009d404c22ae542d0e8dea,3325,,2026-06-12T08:00:54.741970+00:00,1,6755399441804847
S,in-progress/writing-shape/SKILL.md,81a542b95fa865325835bf5ec7644a98e657c1e0f3374c56cb9f3b42b374660f,81a542b95fa865325835bf5ec7644a98e657c1e0f3374c56cb9f3b42b374660f,81a542b95fa865325835bf5ec7644a98e657c1e0f3374c56cb9f3b42b374660f,4593,,2026-06-12T08:00:54.796528+00:00,1,5629499535355997
S,misc/git-guardrails-claude-code/scripts/block-dangerous-git.sh,234922b83c0a1737ee7300806c21ac0f389b07aaeb65c2d71ccedafbc5e1ea4b,,,507,,2026-06-12T08:00:54.996246+00:00,1,4222124652108992
S,misc/git-guardrails-claude-code/SKILL.md,03c4de7613c712aea336d64c467ea3ed14be2cbd52345925fe949c75c01c29f7,03c4de7613c712aea336d64c467ea3ed14be2cbd52345925fe949c75c01c29f7,03c4de7613c712aea336d64c467ea3ed14be2cbd52345925fe949c75c01c29f7,2312,,2026-06-12T08:00:54.932948+00:00,1,3940649675373833
S,misc/migrate-to-shoehorn/SKILL.md,de4da4c11d924fac79c924b2ee3d2db4a5cb98386eb490a599119463d036ae72,de4da4c11d924fac79c924b2ee3d2db4a5cb98386eb490a599119463d036ae72,de4da4c11d924fac79c924b2ee3d2db4a5cb98386eb490a599119463d036ae72,2795,,2026-06-12T08:00:55.063499+00:00,1,844424931853488
S,misc/README.md,ff857c680f2a8d2fc544e15a51ab1a202f94fe31cf8860370d6af9eda7134db7,ff857c680f2a8d2fc544e15a51ab1a202f94fe31cf8860370d6af9eda7134db7,ff857c680f2a8d2fc544e15a51ab1a202f94fe31cf8860370d6af9eda7134db7,668,,2026-06-12T08:00:54.873634+00:00,1,3096224745240026
S,misc/scaffold-exercises/SKILL.md,75f5c9d771606fb9762f16522efc954df11c324f87148d8ff069bce166257de9,75f5c9d771606fb9762f16522efc954df11c324f87148d8ff069bce166257de9,75f5c9d771606fb9762f16522efc954df11c324f87148d8ff069bce166257de9,3589,,2026-06-12T08:00:55.098709+00:00,1,844424931853491
S,misc/setup-pre-commit/SKILL.md,872f4037cb7e6e0e340d4175c086550072959925dffc87b160d1a30dc9f63bbd,872f4037cb7e6e0e340d4175c086550072959925dffc87b160d1a30dc9f63bbd,872f4037cb7e6e0e340d4175c086550072959925dffc87b160d1a30dc9f63bbd,2261,,2026-06-12T08:00:55.134134+00:00,1,4503599629097945
S,personal/edit-article/SKILL.md,cc372fb25b552017765aa0dac1b108f77eaee4555d607041efc1ad5d8c995b4a,cc372fb25b552017765aa0dac1b108f77eaee4555d607041efc1ad5d8c995b4a,cc372fb25b552017765aa0dac1b108f77eaee4555d607041efc1ad5d8c995b4a,721,,2026-06-12T08:00:55.255038+00:00,1,2533274792139700
S,personal/obsidian-vault/SKILL.md,7bed1d552aa5e9345e493cd62cb13e65c5d829d153c349afdb2cb91c809fa6c4,7bed1d552aa5e9345e493cd62cb13e65c5d829d153c349afdb2cb91c809fa6c4,7bed1d552aa5e9345e493cd62cb13e65c5d829d153c349afdb2cb91c809fa6c4,1511,,2026-06-12T08:00:55.288814+00:00,1,4503599629114700
S,personal/README.md,a7180c8615877a90e1038fb674ef446d0ad8e280b473575a86ff9a41d81f6389,a7180c8615877a90e1038fb674ef446d0ad8e280b473575a86ff9a41d81f6389,a7180c8615877a90e1038fb674ef446d0ad8e280b473575a86ff9a41d81f6389,354,,2026-06-12T08:00:55.194176+00:00,1,1407374885284740
S,productivity/caveman/SKILL.md,b4bb6fe3bf3da222993ca0aee5e7c6f5368b182dd30ce1172e8f8e3280eb7052,b4bb6fe3bf3da222993ca0aee5e7c6f5368b182dd30ce1172e8f8e3280eb7052,b4bb6fe3bf3da222993ca0aee5e7c6f5368b182dd30ce1172e8f8e3280eb7052,1916,,2026-06-12T08:00:55.402422+00:00,1,1688849862660878
S,productivity/grill-me/SKILL.md,74147eb6010a65957efef2b9e0f0b3ff935c1def7fc117697151b1d0f3610556,74147eb6010a65957efef2b9e0f0b3ff935c1def7fc117697151b1d0f3610556,74147eb6010a65957efef2b9e0f0b3ff935c1def7fc117697151b1d0f3610556,635,,2026-06-12T08:00:55.433838+00:00,1,1688849862660892
S,productivity/handoff/SKILL.md,d215dd8f2a19bf85fdaf67a3cdb5077641f6b4108f229ba79579414793d7b0a3,d215dd8f2a19bf85fdaf67a3cdb5077641f6b4108f229ba79579414793d7b0a3,d215dd8f2a19bf85fdaf67a3cdb5077641f6b4108f229ba79579414793d7b0a3,847,,2026-06-12T08:00:55.467973+00:00,1,2533274792793138
S,productivity/README.md,06845185f5a08e6a4ede199a7dac0d1625820427fa6018e816ae77e2e6d28da0,06845185f5a08e6a4ede199a7dac0d1625820427fa6018e816ae77e2e6d28da0,06845185f5a08e6a4ede199a7dac0d1625820427fa6018e816ae77e2e6d28da0,801,,2026-06-12T08:00:55.318453+00:00,1,3940649675693412
S,productivity/teach/GLOSSARY-FORMAT.md,d177def491519d97873291f2e860d8f1d60ead78feecb82eee022177958069c6,d177def491519d97873291f2e860d8f1d60ead78feecb82eee022177958069c6,d177def491519d97873291f2e860d8f1d60ead78feecb82eee022177958069c6,2131,,2026-06-12T08:00:55.503606+00:00,1,1125899909295912
S,productivity/teach/LEARNING-RECORD-FORMAT.md,855f81017625256584bbf62bd5edb9b0c86605c4cc1139c56acc36b802595d17,855f81017625256584bbf62bd5edb9b0c86605c4cc1139c56acc36b802595d17,855f81017625256584bbf62bd5edb9b0c86605c4cc1139c56acc36b802595d17,2777,,2026-06-12T08:00:55.527952+00:00,1,1125899909295913
S,productivity/teach/MISSION-FORMAT.md,8da6d3ac84eb2eb19f17c260b6acf01c560d3ac7a4501c415eea0e985602f4d7,8da6d3ac84eb2eb19f17c260b6acf01c560d3ac7a4501c415eea0e985602f4d7,8da6d3ac84eb2eb19f17c260b6acf01c560d3ac7a4501c415eea0e985602f4d7,1553,,2026-06-12T08:00:55.575624+00:00,1,562949956020350
S,productivity/teach/RESOURCES-FORMAT.md,2bc634a64b0d0daa10904f9222e7aa0d361420dfacabbf092fbe3a72222edc08,2bc634a64b0d0daa10904f9222e7aa0d361420dfacabbf092fbe3a72222edc08,2bc634a64b0d0daa10904f9222e7aa0d361420dfacabbf092fbe3a72222edc08,1926,,2026-06-12T08:00:55.596662+00:00,1,562949956020351
S,productivity/teach/SKILL.md,d36496c90da9871babf8aef3c4e2fb5de1dddc7fafc79659d2ac0ba567069b3b,d36496c90da9871babf8aef3c4e2fb5de1dddc7fafc79659d2ac0ba567069b3b,d36496c90da9871babf8aef3c4e2fb5de1dddc7fafc79659d2ac0ba567069b3b,8727,,2026-06-12T08:00:55.617281+00:00,1,562949956020435
S,productivity/write-a-skill/SKILL.md,be8f20e66309258034b82a7db5040b03798aa40546f9d387662c2bd86be23123,be8f20e66309258034b82a7db5040b03798aa40546f9d387662c2bd86be23123,be8f20e66309258034b82a7db5040b03798aa40546f9d387662c2bd86be23123,3056,,2026-06-12T08:00:55.653409+00:00,1,562949956020487
